"respondent_id","age","gender","race_ethnicity","education","income_bracket","ideology","party_id","trust_gov","policy_support_env","policy_support_guns"
1,36,"male","White","4","2",5,"Republican",2,0,0
2,34,"female","White","5","10",5,"Independent",2,1,1
3,32,"female","Latino","2","5",3,"Independent",5,1,0
4,36,"female","Other","2","10",2,"Republican",0,1,1
5,44,"female","White","4","2",6,"Democrat",5,0,0
6,41,"female","White","1","1",6,"Republican",6,1,0
7,81,"female","White","5","7",5,"Republican",5,0,0
8,40,"female","Latino","3","4",4,"Republican",4,0,0
9,60,"female","Asian","1","4",4,"Democrat",4,0,0
10,73,"female","Other","3","7",1,"Democrat",4,0,0
11,69,"female","Latino","4","8",3,"Republican",2,1,0
12,23,"female","White","2","7",2,"Independent",4,1,0
13,87,"female","White","4","9",4,"Democrat",9,1,0
14,23,"nonbinary","White","1","10",4,"Democrat",3,1,1
15,50,"female","White","4","4",6,"Independent",3,1,1
16,54,"female","White","4","6",1,"Independent",4,1,0
17,34,"male","White","5","1",3,"Democrat",0,1,0
18,89,"male","White","1","10",2,"Democrat",4,1,0
19,56,"male","White","2","4",5,"Republican",4,1,1
20,87,"male","Black","2","7",6,"Independent",3,0,0
21,32,"female","Latino","4","4",6,"Independent",4,1,1
22,19,"male","White","2","8",2,"Independent",2,1,0
23,34,"female","White","3","10",4,"Democrat",4,1,1
24,56,"female","Latino","4","10",3,"Democrat",2,1,0
25,88,"female","White","4","2",4,"Democrat",8,1,0
26,87,"female","Other","4","3",2,"Independent",6,1,0
27,82,"female","White","3","6",6,"Republican",9,1,1
28,27,"male","White","3","4",3,"Democrat",3,1,1
29,64,"female","White","5","8",4,"Independent",7,1,0
30,50,"male","White","3","10",4,"Independent",3,1,0
31,27,"male","Latino","4","3",4,"Independent",5,1,1
32,66,"male","White","1","2",4,"Independent",8,0,0
33,55,"female","White","1","7",7,"Republican",6,1,1
34,74,"male","Latino","4","9",4,"Independent",6,0,0
35,22,"male","Latino","1","8",4,"Democrat",6,1,0
36,60,"female","White","1","1",3,"Democrat",4,1,0
37,54,"male","White","1","8",6,"Other",2,1,0
38,46,"female","White","3","7",1,"Democrat",6,1,0
39,81,"male","White","1","1",1,"Democrat",6,1,0
40,53,"male","White","5","4",4,"Democrat",1,1,0
41,80,"male","White","4","7",2,"Independent",4,1,1
42,85,"male","Latino","1","5",6,"Independent",6,0,1
43,35,"female","Latino","2","9",6,"Republican",4,0,0
44,64,"female","White","3","10",1,"Independent",2,1,0
45,58,"male","White","5","3",5,"Democrat",3,1,0
46,49,"female","Asian","1","5",3,"Independent",2,0,0
47,66,"male","Black","3","3",4,"Republican",7,1,1
48,28,"male","White","4","10",4,"Independent",4,1,0
49,22,"male","Latino","3","8",5,"Republican",0,1,1
50,50,"male","Latino","2","10",5,"Republican",6,0,0
51,77,"nonbinary","White","2","4",6,"Independent",3,1,1
52,67,"male","Black","2","10",3,"Republican",2,0,0
53,74,"male","White","2","8",6,"Democrat",5,0,1
54,62,"male","Asian","5","8",3,"Democrat",4,1,0
55,63,"female","White","4","5",4,"Republican",4,1,1
56,30,"female","White","1","9",4,"Republican",5,1,0
57,64,"male","White","1","6",4,"Independent",3,1,0
58,46,"female","White","5","10",6,"Democrat",3,1,0
59,53,"male","White","4","1",3,"Republican",2,1,0
60,64,"female","White","1","6",6,"Republican",4,0,1
61,57,"female","White","2","4",4,"Independent",6,1,1
62,86,"female","White","2","2",2,"Democrat",3,1,0
63,23,"female","White","3","1",4,"Democrat",7,1,0
64,75,"male","Latino","4","5",5,"Republican",3,0,1
65,54,"male","White","3","8",3,"Democrat",6,0,0
66,75,"female","Black","3","6",5,"Independent",1,1,1
67,64,"female","White","3","2",4,"Republican",5,1,1
68,78,"female","White","2","1",4,"Republican",2,1,0
69,88,"female","White","1","10",5,"Democrat",1,1,0
70,70,"female","White","4","9",3,"Republican",2,1,0
71,43,"male","White","4","5",1,"Independent",7,1,0
72,64,"male","White","4","8",6,"Democrat",2,0,1
73,26,"male","White","4","5",4,"Republican",0,1,1
74,36,"female","White","3","3",1,"Independent",7,1,0
75,63,"female","Other","1","3",2,"Democrat",4,1,0
76,39,"male","White","4","7",7,"Democrat",5,0,1
77,74,"male","White","5","5",3,"Independent",8,1,0
78,54,"female","White","5","9",5,"Independent",5,1,0
79,51,"female","White","3","3",6,"Independent",8,0,0
80,75,"female","Latino","3","9",2,"Independent",3,1,0
81,83,"male","Latino","4","9",4,"Independent",2,0,0
82,82,"male","Other","5","7",6,"Democrat",4,1,1
83,54,"female","Latino","4","1",3,"Democrat",5,1,0
84,61,"male","White","4","10",3,"Democrat",5,1,0
85,82,"female","White","2","9",4,"Independent",6,1,0
86,76,"female","Latino","2","2",4,"Independent",2,1,0
87,87,"male","White","4","7",4,"Republican",3,0,0
88,23,"male","White","1","6",6,"Democrat",8,1,0
89,30,"male","White","2","6",3,"Republican",3,1,0
90,90,"male","White","2","6",6,"Independent",3,1,0
91,80,"female","Black","5","2",1,"Republican",7,1,0
92,82,"female","White","1","3",3,"Independent",4,1,0
93,25,"male","Latino","5","6",2,"Democrat",2,1,0
94,85,"male","White","2","7",7,"Independent",9,1,1
95,60,"male","White","3","7",6,"Independent",4,1,1
96,81,"female","White","4","4",4,"Democrat",4,1,0
97,73,"nonbinary","Other","5","7",4,"Other",5,1,0
98,72,"male","Latino","1","9",5,"Democrat",5,1,0
99,21,"male","White","1","6",6,"Democrat",6,0,1
100,80,"female","White","3","3",2,"Independent",2,1,1
101,55,"nonbinary","White","2","6",4,"Independent",3,1,1
102,38,"female","Latino","3","7",4,"Democrat",7,0,0
103,18,"female","White","5","8",4,"Democrat",6,0,0
104,21,"male","Asian","4","5",1,"Independent",1,1,0
105,21,"female","White","1","5",4,"Independent",8,1,0
106,69,"male","Latino","1","5",4,"Other",4,1,0
107,77,"male","White","1","1",6,"Republican",4,0,1
108,32,"female","Black","3","9",5,"Republican",0,0,1
109,44,"female","Black","4","6",4,"Independent",4,0,1
110,18,"female","White","2","7",5,"Independent",6,1,0
111,59,"female","White","1","4",3,"Independent",4,1,0
112,73,"female","White","1","9",6,"Republican",5,1,0
113,22,"male","White","3","1",1,"Republican",1,1,0
114,90,"male","White","5","5",1,"Independent",6,1,0
115,44,"male","Black","1","3",4,"Other",5,1,1
116,30,"female","White","1","10",4,"Independent",7,0,0
117,27,"male","Black","3","4",4,"Democrat",3,1,0
118,18,"female","White","1","10",6,"Democrat",7,1,1
119,70,"female","White","4","5",5,"Republican",5,0,0
120,81,"male","Black","1","7",2,"Republican",5,1,0
121,47,"female","Black","3","7",5,"Democrat",2,1,1
122,22,"female","White","3","4",7,"Democrat",4,1,1
123,48,"nonbinary","Black","4","2",5,"Republican",5,1,0
124,22,"female","Black","2","5",4,"Independent",8,1,0
125,80,"female","White","3","1",4,"Independent",2,1,0
126,28,"male","Black","2","8",4,"Republican",7,0,0
127,28,"female","Other","3","6",1,"Democrat",3,1,0
128,81,"male","Asian","3","3",4,"Democrat",2,1,1
129,90,"female","Latino","4","3",3,"Republican",6,1,1
130,89,"female","White","1","5",6,"Independent",6,0,1
131,73,"female","Latino","4","1",6,"Democrat",2,0,1
132,32,"male","White","1","9",6,"Democrat",4,0,1
133,78,"female","Asian","3","5",7,"Republican",4,1,1
134,38,"male","Other","5","10",7,"Independent",1,0,1
135,73,"male","White","5","3",5,"Republican",8,1,0
136,59,"female","Asian","4","6",4,"Republican",4,1,0
137,52,"male","White","3","9",3,"Republican",3,1,0
138,86,"female","White","5","9",4,"Independent",2,1,0
139,26,"female","Black","4","3",4,"Independent",5,1,1
140,78,"male","White","3","8",2,"Independent",0,1,0
141,55,"female","Latino","4","10",6,"Other",3,0,1
142,38,"female","White","3","8",6,"Democrat",2,0,1
143,77,"female","White","5","9",4,"Republican",3,1,1
144,66,"male","Latino","4","6",4,"Independent",4,1,0
145,79,"male","White","3","6",7,"Independent",3,0,0
146,46,"female","Latino","2","7",4,"Democrat",3,1,0
147,76,"male","White","5","8",4,"Independent",2,1,1
148,58,"male","White","1","3",4,"Republican",2,1,1
149,64,"female","Latino","2","3",1,"Democrat",7,1,1
150,24,"male","White","4","4",5,"Independent",6,1,1
151,65,"female","White","3","6",6,"Democrat",2,0,1
152,82,"female","White","3","10",4,"Democrat",5,1,0
153,77,"female","White","4","3",3,"Independent",1,1,0
154,43,"male","White","5","4",2,"Republican",0,1,0
155,32,"female","Black","2","6",4,"Democrat",5,0,0
156,88,"male","White","1","9",4,"Independent",2,1,0
157,28,"female","White","5","2",4,"Independent",1,0,0
158,22,"male","White","2","2",4,"Independent",4,1,1
159,21,"female","White","1","10",3,"Independent",5,1,0
160,40,"male","Latino","4","9",2,"Republican",6,1,0
161,41,"male","White","4","6",4,"Democrat",1,1,1
162,23,"female","Latino","3","4",4,"Republican",4,0,0
163,35,"male","Latino","3","9",4,"Independent",7,1,0
164,31,"male","Black","3","4",5,"Democrat",3,1,0
165,81,"male","White","2","3",2,"Democrat",5,0,0
166,59,"male","White","3","7",4,"Republican",6,1,0
167,34,"male","White","4","6",4,"Independent",6,1,0
168,88,"male","White","2","4",1,"Democrat",3,1,0
169,31,"female","White","1","3",5,"Other",6,0,0
170,57,"female","White","2","9",5,"Democrat",8,0,0
171,44,"male","Latino","5","9",2,"Republican",5,0,0
172,36,"female","White","5","4",4,"Republican",6,1,0
173,48,"female","Asian","1","3",5,"Independent",3,0,0
174,79,"male","White","1","5",4,"Independent",6,1,1
175,45,"male","White","2","5",1,"Democrat",3,0,0
176,24,"male","White","1","2",6,"Independent",1,0,0
177,33,"female","White","4","2",4,"Democrat",2,1,1
178,22,"female","Asian","2","10",5,"Republican",3,1,0
179,70,"male","White","3","9",2,"Democrat",1,0,0
180,35,"male","Latino","2","7",1,"Democrat",3,1,0
181,40,"male","Asian","4","4",2,"Independent",3,1,0
182,50,"male","White","5","6",5,"Democrat",3,0,1
183,49,"male","White","1","3",5,"Republican",3,1,1
184,52,"female","White","3","10",5,"Independent",5,1,0
185,64,"female","Other","2","7",2,"Independent",3,1,1
186,25,"male","Black","2","9",6,"Republican",6,1,1
187,41,"female","White","2","8",4,"Republican",4,1,0
188,25,"male","White","3","4",5,"Democrat",6,0,0
189,29,"female","Black","5","4",4,"Democrat",3,1,1
190,84,"female","White","5","10",4,"Independent",1,1,1
191,41,"male","White","3","7",4,"Democrat",5,1,0
192,88,"male","White","5","1",3,"Democrat",6,1,0
193,37,"male","White","4","9",1,"Other",8,1,0
194,38,"male","White","1","3",2,"Independent",2,1,0
195,43,"male","White","4","5",4,"Independent",0,1,1
196,66,"female","White","5","6",4,"Other",2,0,0
197,53,"male","Black","1","7",4,"Republican",2,0,1
198,64,"female","White","4","10",6,"Democrat",5,1,0
199,68,"male","White","2","7",3,"Republican",2,1,0
200,53,"female","Black","1","10",3,"Republican",6,1,0
201,51,"female","White","1","7",6,"Republican",2,1,1
202,18,"male","White","2","10",4,"Democrat",2,1,0
203,36,"male","Latino","2","10",1,"Democrat",4,1,0
204,57,"female","Other","2","1",2,"Republican",1,1,0
205,68,"male","White","3","8",2,"Democrat",5,1,0
206,65,"female","White","5","2",4,"Independent",3,1,1
207,72,"male","White","5","3",4,"Democrat",6,1,0
208,48,"male","White","1","8",4,"Democrat",4,1,0
209,30,"female","Black","4","8",4,"Democrat",3,0,0
210,65,"female","White","5","8",4,"Independent",3,1,0
211,56,"female","White","1","5",4,"Republican",7,1,0
212,36,"male","Latino","4","2",4,"Democrat",6,0,0
213,33,"male","White","1","10",2,"Democrat",6,1,1
214,34,"male","Latino","1","1",5,"Democrat",3,1,0
215,58,"female","Black","5","5",6,"Independent",5,1,0
216,88,"male","Other","5","10",1,"Democrat",4,1,0
217,40,"female","White","2","9",5,"Democrat",3,1,1
218,46,"male","White","5","7",3,"Independent",0,0,0
219,32,"female","White","2","9",3,"Democrat",3,0,0
220,70,"female","White","5","1",2,"Independent",2,1,0
221,65,"male","White","5","2",6,"Independent",2,1,1
222,77,"female","White","4","6",2,"Independent",7,1,0
223,24,"female","White","3","10",3,"Democrat",4,1,1
224,24,"female","White","5","3",4,"Republican",3,1,0
225,67,"female","Other","3","8",4,"Independent",2,1,0
226,21,"female","White","2","3",5,"Independent",7,1,0
227,36,"female","White","1","7",4,"Independent",4,1,0
228,72,"female","Latino","5","10",5,"Other",2,1,0
229,38,"male","White","5","8",3,"Democrat",6,1,0
230,83,"female","White","4","1",6,"Democrat",8,1,0
231,20,"female","White","2","4",3,"Democrat",6,1,0
232,65,"female","White","1","6",6,"Republican",5,1,1
233,53,"male","White","2","6",1,"Independent",4,1,0
234,44,"male","Black","1","8",1,"Independent",1,1,0
235,76,"female","Latino","3","2",4,"Republican",2,0,1
236,53,"male","White","5","4",3,"Democrat",9,1,0
237,67,"male","White","3","3",2,"Democrat",2,1,0
238,72,"male","Latino","3","1",5,"Democrat",5,1,0
239,45,"female","Asian","2","3",4,"Democrat",5,0,0
240,57,"male","White","3","1",4,"Republican",6,1,0
241,26,"female","Latino","5","5",1,"Independent",6,1,0
242,42,"female","White","5","5",2,"Republican",4,1,1
243,90,"female","White","3","2",5,"Democrat",4,0,0
244,79,"male","Latino","1","6",5,"Independent",5,0,0
245,29,"female","White","4","2",4,"Democrat",4,1,0
246,28,"female","Asian","3","7",2,"Republican",6,1,0
247,63,"female","White","1","9",3,"Independent",4,1,0
248,53,"female","White","2","4",6,"Independent",5,1,0
249,40,"female","White","4","9",4,"Democrat",3,1,0
250,66,"male","Black","1","9",5,"Independent",6,1,1
251,85,"male","White","5","8",3,"Democrat",4,1,0
252,51,"male","White","5","2",5,"Independent",3,1,0
253,65,"male","White","1","7",4,"Democrat",3,1,0
254,81,"female","White","1","3",7,"Democrat",3,0,1
255,33,"female","Black","3","5",3,"Republican",5,0,0
256,21,"male","White","4","7",5,"Democrat",6,1,1
257,49,"male","White","3","6",4,"Republican",6,1,1
258,31,"female","White","5","4",1,"Independent",3,1,0
259,64,"male","White","2","2",4,"Independent",2,1,0
260,42,"female","White","5","8",4,"Democrat",5,1,0
261,49,"female","White","1","2",5,"Democrat",0,0,1
262,45,"female","Other","2","8",5,"Republican",3,1,0
263,85,"female","White","3","10",4,"Independent",7,0,0
264,42,"female","White","5","8",4,"Democrat",1,0,0
265,39,"male","Black","5","1",3,"Democrat",3,1,1
266,66,"female","White","4","10",4,"Democrat",5,1,0
267,69,"male","White","2","10",1,"Independent",4,0,0
268,88,"nonbinary","Latino","3","2",6,"Independent",5,1,0
269,34,"male","White","5","2",2,"Democrat",1,1,0
270,43,"female","White","4","10",3,"Independent",3,1,0
271,30,"male","White","3","2",5,"Independent",8,1,0
272,47,"female","Asian","2","6",6,"Independent",8,0,1
273,45,"male","White","4","3",3,"Republican",2,1,1
274,32,"female","White","2","7",4,"Independent",7,1,1
275,71,"male","White","3","7",6,"Republican",1,0,1
276,80,"female","White","3","3",6,"Democrat",2,1,0
277,51,"female","White","1","1",1,"Independent",3,1,0
278,88,"female","White","2","4",2,"Republican",7,1,1
279,28,"male","Latino","1","6",6,"Republican",6,1,1
280,88,"male","White","2","8",3,"Democrat",3,1,1
281,63,"male","Latino","1","10",4,"Republican",5,1,0
282,46,"male","Latino","4","10",3,"Independent",2,1,1
283,53,"female","Latino","5","2",4,"Democrat",6,1,0
284,52,"female","White","3","10",5,"Democrat",4,1,0
285,87,"male","White","4","6",6,"Independent",7,0,1
286,39,"male","Latino","2","1",6,"Independent",4,1,0
287,21,"female","White","5","4",4,"Democrat",5,1,0
288,39,"male","White","3","5",2,"Democrat",3,0,1
289,51,"female","Latino","5","6",4,"Democrat",9,1,0
290,57,"male","Latino","5","10",1,"Democrat",7,1,0
291,18,"male","Asian","5","4",2,"Democrat",5,1,0
292,52,"male","Latino","5","3",4,"Democrat",7,0,0
293,25,"nonbinary","White","2","2",2,"Democrat",4,1,0
294,75,"male","White","5","2",5,"Democrat",2,1,1
295,48,"female","White","3","4",4,"Republican",7,0,0
296,76,"female","Other","1","10",6,"Democrat",4,1,1
297,34,"female","Asian","2","7",3,"Independent",6,1,1
298,44,"female","White","3","9",6,"Democrat",2,0,0
299,67,"male","Latino","3","8",2,"Independent",2,1,0
300,49,"male","White","1","8",4,"Independent",5,0,1
301,32,"male","Latino","2","7",5,"Other",3,0,0
302,74,"female","Latino","3","1",4,"Independent",7,1,0
303,79,"female","White","1","8",4,"Independent",0,1,0
304,36,"female","White","2","10",5,"Republican",5,1,0
305,59,"male","Black","1","10",6,"Independent",3,1,1
306,46,"female","Asian","3","4",5,"Republican",0,1,1
307,61,"female","Black","5","2",2,"Democrat",6,1,0
308,60,"male","White","5","10",5,"Democrat",5,0,1
309,90,"male","Latino","5","10",4,"Republican",5,1,0
310,87,"female","White","2","1",4,"Republican",6,1,0
311,50,"female","Other","3","2",3,"Democrat",5,1,0
312,40,"female","Latino","4","8",2,"Republican",1,1,0
313,78,"female","White","2","10",4,"Democrat",5,1,0
314,74,"male","White","3","4",5,"Independent",4,1,1
315,68,"female","White","3","7",6,"Republican",5,1,1
316,27,"female","White","1","8",7,"Democrat",2,0,1
317,75,"male","Latino","3","7",5,"Republican",6,1,1
318,51,"female","White","5","4",4,"Democrat",6,1,0
319,80,"male","White","4","3",5,"Independent",6,1,0
320,81,"male","White","1","10",2,"Republican",3,1,0
321,27,"male","Latino","2","8",4,"Democrat",2,1,0
322,40,"female","Other","5","4",5,"Independent",5,1,0
323,69,"female","Latino","4","9",3,"Democrat",4,1,0
324,62,"female","White","1","9",2,"Republican",5,1,0
325,29,"female","Latino","5","10",4,"Independent",3,0,0
326,31,"female","White","4","1",5,"Democrat",2,1,1
327,31,"female","Latino","2","2",4,"Democrat",6,1,1
328,76,"female","Latino","2","4",2,"Democrat",5,0,1
329,22,"male","White","2","1",7,"Independent",6,0,1
330,32,"female","Latino","2","10",5,"Independent",9,0,0
331,28,"female","Latino","4","5",5,"Other",4,1,0
332,64,"male","Latino","1","6",5,"Independent",4,1,1
333,54,"male","Black","1","5",6,"Republican",3,1,1
334,44,"female","Asian","5","4",4,"Independent",5,0,0
335,53,"male","White","5","1",4,"Independent",2,1,1
336,40,"male","White","5","5",4,"Republican",4,1,0
337,37,"male","White","1","4",4,"Independent",5,1,0
338,44,"male","White","3","5",6,"Republican",3,0,1
339,27,"female","Black","5","1",5,"Democrat",0,1,0
340,89,"female","White","5","2",4,"Independent",3,1,1
341,45,"male","Latino","4","2",5,"Republican",3,1,1
342,20,"male","Asian","1","3",3,"Republican",5,1,1
343,78,"female","White","3","4",4,"Independent",3,0,0
344,51,"male","Asian","4","5",4,"Democrat",1,0,0
345,64,"female","White","3","5",3,"Democrat",6,0,1
346,42,"male","White","4","6",6,"Democrat",4,1,0
347,49,"female","Other","3","4",4,"Democrat",4,0,0
348,81,"male","White","5","9",4,"Democrat",9,1,0
349,89,"male","Asian","3","6",3,"Democrat",6,1,0
350,19,"female","Black","3","9",5,"Republican",6,1,0
351,68,"female","White","4","8",4,"Republican",6,1,0
352,75,"female","Black","5","2",6,"Democrat",4,1,0
353,20,"male","Latino","1","7",4,"Independent",7,1,0
354,84,"female","White","2","10",4,"Independent",7,1,1
355,63,"female","White","1","4",5,"Democrat",0,1,1
356,29,"nonbinary","Latino","4","3",6,"Democrat",4,1,1
357,31,"male","White","1","10",7,"Democrat",6,1,1
358,52,"male","Black","5","2",4,"Democrat",4,1,0
359,18,"male","Latino","3","8",5,"Other",2,1,1
360,37,"male","White","3","4",3,"Republican",5,1,0
361,52,"male","Asian","1","3",3,"Democrat",4,1,0
362,72,"female","White","4","6",4,"Democrat",6,1,0
363,37,"male","Latino","4","4",3,"Democrat",8,1,0
364,32,"male","White","5","5",5,"Independent",0,0,1
365,26,"male","Latino","5","7",1,"Democrat",5,1,0
366,32,"female","White","3","7",5,"Democrat",4,0,1
367,42,"male","Latino","5","1",5,"Democrat",3,1,1
368,74,"male","Latino","3","10",7,"Democrat",6,1,1
369,66,"female","Latino","2","5",4,"Republican",0,1,1
370,74,"female","Latino","4","1",4,"Democrat",4,0,1
371,31,"female","White","2","8",2,"Democrat",3,1,0
372,57,"male","White","5","10",6,"Other",4,1,1
373,56,"male","White","3","5",7,"Democrat",1,1,0
374,54,"female","Black","4","4",6,"Republican",3,0,1
375,22,"male","Black","1","6",6,"Independent",5,1,0
376,28,"female","Latino","4","2",2,"Democrat",2,1,0
377,88,"nonbinary","Asian","2","8",6,"Republican",3,0,0
378,24,"female","White","2","1",5,"Independent",8,0,1
379,41,"female","White","1","10",4,"Democrat",5,1,0
380,37,"female","Asian","2","5",5,"Other",7,1,0
381,43,"female","Latino","1","1",5,"Republican",3,1,0
382,60,"male","Other","5","9",1,"Independent",4,1,0
383,79,"female","White","5","4",3,"Independent",5,0,1
384,42,"male","Latino","1","7",5,"Independent",4,1,0
385,70,"male","White","2","5",4,"Republican",4,1,0
386,29,"male","White","1","7",2,"Democrat",3,1,1
387,43,"male","Black","3","6",6,"Independent",7,0,1
388,53,"female","Asian","1","9",4,"Independent",7,1,1
389,23,"female","White","4","10",6,"Democrat",8,0,1
390,77,"nonbinary","Black","3","7",4,"Republican",5,1,0
391,75,"female","White","1","4",7,"Other",5,0,0
392,37,"female","Black","3","7",5,"Republican",0,0,1
393,72,"male","White","5","7",5,"Democrat",5,1,1
394,52,"female","Black","1","1",5,"Democrat",5,1,0
395,56,"female","Other","1","3",2,"Democrat",5,1,0
396,64,"nonbinary","Black","1","7",6,"Independent",4,1,1
397,42,"male","Latino","3","2",2,"Independent",4,1,1
398,82,"female","White","3","5",4,"Independent",1,1,1
399,37,"male","Latino","5","5",4,"Democrat",6,0,0
400,57,"female","White","2","6",6,"Democrat",5,1,1
401,68,"male","White","4","6",4,"Democrat",3,1,0
402,84,"female","Latino","5","10",4,"Independent",3,0,0
403,29,"male","Asian","5","7",5,"Independent",2,1,1
404,80,"male","Asian","3","9",1,"Democrat",0,1,0
405,35,"male","White","5","10",6,"Republican",3,1,0
406,26,"male","White","5","10",6,"Democrat",5,1,0
407,77,"female","White","1","8",6,"Democrat",4,1,1
408,23,"male","White","2","9",6,"Democrat",7,0,1
409,19,"male","Asian","1","7",5,"Independent",4,1,0
410,35,"male","White","3","5",4,"Independent",1,1,1
411,50,"male","White","4","6",3,"Democrat",3,1,0
412,62,"male","White","2","2",1,"Independent",5,1,0
413,82,"female","White","4","4",4,"Republican",4,1,0
414,42,"male","White","3","7",3,"Independent",6,1,0
415,34,"male","Latino","5","5",4,"Democrat",6,0,0
416,76,"male","Latino","2","6",5,"Democrat",2,1,0
417,20,"female","White","2","6",7,"Democrat",5,1,1
418,73,"female","White","1","1",6,"Democrat",8,1,1
419,28,"female","White","4","5",3,"Independent",4,1,0
420,81,"male","White","5","9",4,"Democrat",4,1,0
421,89,"female","White","3","9",3,"Republican",3,1,0
422,23,"male","White","2","10",4,"Independent",1,1,0
423,84,"male","White","5","9",3,"Democrat",4,1,0
424,32,"male","Black","3","8",2,"Independent",1,1,0
425,23,"male","White","3","10",4,"Democrat",7,1,0
426,56,"nonbinary","Latino","1","5",5,"Republican",6,0,0
427,70,"female","Latino","3","3",6,"Independent",5,0,1
428,19,"male","White","4","1",3,"Democrat",4,1,0
429,39,"female","White","4","4",5,"Independent",3,0,1
430,56,"male","White","5","8",5,"Republican",6,0,0
431,75,"female","Black","3","5",1,"Other",4,1,0
432,53,"male","White","4","2",2,"Republican",2,0,0
433,36,"male","White","2","9",4,"Republican",4,0,1
434,51,"female","Latino","5","3",2,"Democrat",5,1,0
435,53,"male","Asian","4","4",4,"Republican",5,1,0
436,81,"male","White","3","1",2,"Republican",2,1,0
437,59,"female","White","4","7",5,"Republican",6,1,0
438,46,"male","Black","2","6",4,"Democrat",7,1,1
439,26,"female","Black","2","10",5,"Democrat",3,1,0
440,59,"female","White","4","3",3,"Independent",6,1,0
441,44,"female","Other","2","5",3,"Democrat",4,1,0
442,22,"female","Latino","4","5",4,"Independent",4,1,0
443,40,"nonbinary","Latino","4","10",4,"Other",1,1,0
444,24,"female","White","1","6",4,"Independent",6,1,0
445,24,"female","Black","3","8",7,"Democrat",4,0,1
446,42,"male","White","3","10",2,"Independent",5,1,0
447,85,"male","White","4","6",7,"Independent",2,1,1
448,19,"male","White","5","9",3,"Democrat",4,1,0
449,60,"male","White","1","7",5,"Republican",4,1,0
450,31,"female","White","1","5",4,"Democrat",5,1,0
451,22,"female","Latino","3","1",6,"Republican",4,0,1
452,45,"female","White","4","1",4,"Democrat",7,0,0
453,83,"female","Asian","5","5",4,"Republican",3,1,1
454,41,"male","White","5","8",7,"Republican",3,1,1
455,63,"male","White","3","3",5,"Republican",0,1,0
456,86,"male","White","3","3",3,"Democrat",1,1,0
457,30,"female","White","1","5",3,"Democrat",2,1,0
458,69,"male","White","3","1",4,"Independent",4,1,0
459,54,"male","Latino","1","10",4,"Democrat",2,1,1
460,22,"female","White","1","4",6,"Democrat",2,0,0
461,66,"female","White","2","2",4,"Independent",4,0,0
462,42,"female","Asian","5","8",2,"Democrat",8,1,0
463,74,"male","Asian","1","6",5,"Democrat",0,1,0
464,83,"nonbinary","White","1","9",5,"Democrat",6,1,0
465,41,"male","Other","5","5",6,"Republican",5,1,0
466,49,"male","White","2","3",4,"Democrat",2,1,0
467,66,"female","White","4","9",1,"Independent",3,1,1
468,20,"male","White","1","9",7,"Independent",4,0,0
469,61,"male","White","5","1",2,"Republican",5,0,0
470,44,"female","Latino","4","1",5,"Democrat",6,0,1
471,37,"female","White","5","9",1,"Democrat",4,1,0
472,76,"female","White","5","1",3,"Independent",6,1,0
473,89,"female","Asian","1","6",5,"Democrat",4,1,1
474,21,"male","White","1","8",4,"Republican",9,1,0
475,79,"female","Latino","4","10",2,"Independent",3,1,0
476,73,"male","White","2","5",4,"Republican",5,1,0
477,29,"male","Other","1","4",3,"Independent",4,1,0
478,69,"female","White","4","2",5,"Democrat",5,1,1
479,52,"female","White","2","5",3,"Republican",2,1,0
480,70,"male","White","4","1",7,"Democrat",6,0,1
481,22,"male","White","4","9",2,"Democrat",5,1,1
482,87,"female","Asian","2","5",4,"Democrat",4,1,0
483,48,"female","White","2","10",5,"Independent",2,0,1
484,43,"male","White","5","8",6,"Democrat",2,0,1
485,69,"male","White","2","3",3,"Independent",0,1,0
486,34,"male","White","4","4",4,"Democrat",6,0,0
487,51,"male","Asian","3","8",5,"Other",8,1,0
488,74,"female","Latino","5","6",2,"Democrat",4,1,0
489,27,"male","White","4","1",3,"Democrat",4,1,0
490,49,"male","White","2","7",6,"Democrat",5,0,1
491,45,"male","Latino","4","7",3,"Democrat",5,1,0
492,40,"female","White","4","1",1,"Democrat",7,0,0
493,20,"male","White","5","7",4,"Republican",4,0,0
494,80,"female","Latino","5","9",1,"Democrat",3,1,0
495,25,"male","White","2","1",5,"Republican",2,0,1
496,61,"female","White","5","2",1,"Republican",5,1,0
497,71,"female","White","1","3",4,"Democrat",4,1,0
498,34,"male","Latino","3","3",3,"Democrat",4,1,0
499,81,"female","White","2","5",5,"Democrat",5,1,0
500,77,"male","Black","4","5",4,"Republican",2,1,1
501,31,"female","White","2","9",4,"Independent",7,0,0
502,73,"female","White","4","9",4,"Independent",4,0,1
503,26,"male","Other","1","10",4,"Republican",0,1,0
504,45,"female","Latino","5","6",3,"Independent",6,1,0
505,84,"male","White","1","3",5,"Independent",2,1,0
506,84,"male","White","2","1",2,"Independent",6,1,1
507,77,"male","White","4","2",4,"Democrat",5,1,0
508,64,"male","Asian","4","9",3,"Democrat",4,1,1
509,52,"male","White","3","8",5,"Independent",2,1,0
510,54,"male","Black","3","8",6,"Independent",4,0,1
511,33,"male","White","5","5",3,"Republican",3,0,1
512,38,"female","White","3","6",4,"Republican",6,0,0
513,64,"female","White","5","6",3,"Independent",4,1,0
514,35,"female","White","1","2",3,"Democrat",0,1,0
515,71,"female","Latino","4","4",3,"Democrat",5,0,1
516,87,"male","Latino","3","1",5,"Democrat",4,0,0
517,47,"male","White","3","10",5,"Democrat",3,0,0
518,56,"female","White","3","9",3,"Democrat",10,1,0
519,23,"female","White","3","4",3,"Democrat",5,0,1
520,55,"male","White","5","7",4,"Democrat",8,1,0
521,46,"male","White","1","1",2,"Independent",5,1,0
522,24,"female","White","2","3",6,"Independent",6,1,0
523,87,"male","White","1","3",4,"Independent",4,1,0
524,38,"male","Latino","3","6",4,"Independent",2,1,0
525,67,"male","Latino","3","4",5,"Independent",3,0,1
526,70,"nonbinary","White","3","2",4,"Democrat",2,1,0
527,85,"male","White","2","8",4,"Republican",5,0,1
528,53,"male","Black","1","2",5,"Democrat",9,1,0
529,29,"male","Black","5","1",5,"Democrat",5,0,0
530,76,"female","White","5","7",7,"Republican",6,0,0
531,24,"female","Black","5","2",4,"Independent",4,1,0
532,89,"male","White","5","2",4,"Republican",6,0,1
533,29,"female","White","1","10",1,"Independent",6,1,0
534,38,"male","Latino","4","6",3,"Republican",5,1,1
535,44,"male","White","2","5",4,"Republican",3,1,0
536,43,"male","Latino","1","10",4,"Democrat",5,1,0
537,59,"female","White","5","8",6,"Democrat",3,1,1
538,53,"male","Latino","1","10",3,"Republican",6,1,1
539,84,"male","Black","5","5",7,"Independent",0,1,1
540,45,"female","White","4","4",4,"Republican",4,1,0
541,76,"female","White","1","5",6,"Independent",2,0,0
542,78,"female","Black","3","3",1,"Independent",3,0,0
543,58,"female","Black","4","9",6,"Independent",7,1,1
544,47,"male","Latino","3","5",3,"Democrat",4,1,0
545,18,"male","White","3","8",3,"Independent",7,1,0
546,69,"male","White","3","1",3,"Democrat",1,1,0
547,38,"female","White","4","2",2,"Republican",4,1,0
548,51,"male","White","4","9",3,"Democrat",4,1,0
549,53,"male","Black","3","9",1,"Other",3,1,0
550,64,"male","White","1","4",1,"Republican",4,1,0
551,42,"female","White","5","2",5,"Democrat",6,0,0
552,35,"male","Black","5","9",4,"Republican",2,1,0
553,25,"female","White","2","6",4,"Republican",7,1,0
554,35,"male","Latino","1","9",2,"Republican",1,1,0
555,64,"female","White","4","8",6,"Democrat",4,0,1
556,45,"male","Other","5","6",4,"Democrat",4,1,0
557,71,"female","Black","3","3",4,"Democrat",7,1,0
558,29,"male","White","4","7",2,"Independent",3,1,1
559,39,"male","Black","2","2",5,"Independent",7,1,0
560,36,"female","Black","4","2",4,"Democrat",4,1,1
561,41,"female","Latino","3","3",6,"Independent",0,1,1
562,26,"female","White","3","8",3,"Republican",4,1,0
563,75,"male","White","4","6",5,"Democrat",1,1,0
564,36,"female","Latino","5","6",5,"Democrat",3,0,0
565,71,"male","Asian","3","1",3,"Independent",1,1,0
566,43,"female","White","5","5",5,"Independent",1,1,1
567,79,"nonbinary","White","4","4",4,"Democrat",5,1,0
568,56,"female","Black","1","8",4,"Republican",3,1,1
569,70,"female","White","2","4",7,"Independent",4,0,1
570,89,"male","Other","4","4",4,"Democrat",5,0,0
571,22,"female","White","2","8",3,"Republican",3,1,0
572,27,"male","Latino","5","7",4,"Independent",1,0,0
573,23,"female","Other","1","5",5,"Independent",4,0,1
574,72,"male","Other","3","9",4,"Democrat",4,0,0
575,76,"male","Latino","1","9",3,"Independent",5,1,0
576,75,"female","White","4","7",4,"Independent",5,1,0
577,66,"male","White","2","3",3,"Democrat",4,1,0
578,68,"female","White","2","4",3,"Democrat",6,1,0
579,84,"female","Black","5","6",4,"Democrat",1,1,0
580,33,"female","White","5","6",5,"Democrat",2,1,1
581,90,"female","Asian","5","3",4,"Democrat",8,0,0
582,59,"male","Latino","4","3",2,"Republican",5,1,0
583,49,"female","White","3","3",3,"Democrat",2,0,0
584,25,"female","White","2","1",3,"Independent",2,0,0
585,45,"male","Latino","1","6",5,"Independent",4,1,1
586,30,"male","White","1","8",3,"Independent",0,0,0
587,18,"female","Latino","4","10",5,"Republican",4,1,1
588,48,"female","White","3","6",4,"Independent",5,1,0
589,85,"female","Black","2","6",2,"Republican",3,0,0
590,23,"male","White","2","7",4,"Republican",3,1,0
591,31,"male","Latino","5","1",4,"Democrat",2,1,0
592,29,"nonbinary","Other","4","9",6,"Democrat",2,0,0
593,25,"female","White","5","8",1,"Democrat",2,1,0
594,78,"female","Latino","2","1",2,"Republican",5,1,0
595,38,"male","Latino","5","6",4,"Republican",5,0,0
596,36,"male","Latino","5","7",5,"Democrat",7,1,0
597,50,"female","White","1","4",4,"Other",7,1,1
598,28,"female","White","5","6",5,"Independent",4,1,1
599,59,"male","White","3","9",4,"Independent",6,1,1
600,70,"male","White","2","7",2,"Republican",2,1,0
601,69,"female","White","4","5",4,"Democrat",3,1,1
602,70,"female","White","4","6",5,"Republican",2,0,0
603,55,"male","White","1","5",6,"Independent",3,1,0
604,83,"male","White","1","2",4,"Independent",5,0,0
605,69,"male","Asian","1","7",5,"Democrat",7,1,0
606,47,"female","White","2","6",3,"Independent",4,1,0
607,46,"female","White","1","10",4,"Republican",4,1,0
608,45,"male","White","1","7",5,"Democrat",3,1,1
609,66,"male","White","4","3",2,"Independent",4,1,0
610,39,"female","Latino","3","4",5,"Independent",2,1,1
611,23,"female","White","3","2",5,"Democrat",3,1,1
612,20,"male","White","5","7",5,"Independent",7,1,0
613,25,"male","White","5","1",6,"Independent",4,0,1
614,64,"female","White","2","1",7,"Republican",3,1,1
615,74,"male","Latino","4","3",3,"Independent",2,1,0
616,44,"female","White","2","8",1,"Democrat",5,1,0
617,45,"female","Latino","3","5",6,"Democrat",2,1,1
618,20,"female","Latino","3","2",7,"Independent",7,0,1
619,20,"male","White","5","1",5,"Republican",5,0,0
620,73,"male","White","5","1",2,"Independent",5,1,0
621,33,"male","White","5","8",6,"Independent",4,0,1
622,28,"male","Black","4","9",6,"Independent",6,1,0
623,24,"female","Latino","2","1",7,"Independent",8,0,0
624,26,"nonbinary","White","1","2",3,"Independent",5,1,0
625,82,"female","Asian","1","7",2,"Independent",3,1,0
626,90,"female","White","1","4",4,"Republican",5,0,0
627,30,"female","White","5","8",5,"Independent",3,0,0
628,36,"male","Black","2","5",5,"Independent",7,1,0
629,35,"male","Latino","4","1",5,"Republican",5,0,0
630,76,"male","White","1","9",4,"Independent",7,0,0
631,37,"female","White","5","5",2,"Democrat",4,1,0
632,78,"female","White","3","4",6,"Independent",5,0,0
633,52,"female","White","2","6",5,"Democrat",3,1,0
634,83,"male","White","5","8",3,"Republican",4,1,0
635,26,"female","White","4","10",3,"Republican",6,0,0
636,51,"male","White","1","4",4,"Republican",2,0,0
637,53,"male","White","4","2",5,"Republican",5,0,1
638,55,"male","Latino","1","4",4,"Republican",6,1,0
639,66,"female","White","3","8",5,"Independent",9,0,0
640,80,"female","White","2","7",4,"Republican",3,1,0
641,27,"female","Asian","1","7",2,"Democrat",0,1,0
642,57,"male","White","5","2",3,"Republican",1,1,0
643,76,"female","White","4","9",3,"Independent",0,1,0
644,65,"male","Black","5","2",5,"Democrat",7,1,0
645,36,"female","White","1","7",7,"Democrat",4,0,1
646,64,"female","White","1","10",4,"Republican",5,1,1
647,89,"female","White","1","6",4,"Republican",4,1,0
648,62,"male","Black","4","3",3,"Democrat",4,0,0
649,73,"male","White","5","1",4,"Democrat",1,0,0
650,83,"male","White","4","8",4,"Republican",5,1,1
651,83,"female","Latino","5","9",1,"Democrat",6,1,0
652,47,"male","White","5","10",4,"Democrat",3,0,0
653,22,"male","Latino","3","4",5,"Republican",4,1,0
654,28,"female","Latino","4","9",6,"Republican",3,1,1
655,68,"female","White","5","4",5,"Independent",0,1,0
656,23,"female","White","1","7",3,"Republican",2,1,1
657,28,"male","White","1","1",4,"Republican",5,1,0
658,60,"male","White","1","10",4,"Republican",2,0,0
659,87,"female","White","4","7",2,"Democrat",2,1,0
660,86,"female","Asian","1","1",7,"Democrat",2,1,0
661,46,"male","White","1","4",1,"Independent",4,1,1
662,84,"female","White","3","4",5,"Democrat",0,1,1
663,65,"female","White","1","9",6,"Democrat",1,1,0
664,72,"male","White","4","7",1,"Independent",7,1,0
665,19,"male","White","5","9",5,"Independent",4,1,1
666,31,"nonbinary","White","2","3",7,"Republican",6,0,0
667,57,"female","Latino","3","2",6,"Independent",3,1,1
668,70,"female","White","3","3",5,"Independent",6,1,0
669,23,"female","Black","3","1",2,"Democrat",3,1,0
670,23,"male","White","4","3",5,"Democrat",6,0,0
671,71,"male","White","1","6",6,"Democrat",3,1,1
672,32,"male","White","5","6",5,"Democrat",6,1,0
673,25,"male","White","3","5",3,"Independent",5,1,0
674,82,"female","White","2","9",4,"Democrat",3,1,0
675,85,"male","White","3","5",4,"Independent",3,1,0
676,76,"female","White","4","2",4,"Democrat",5,0,0
677,56,"male","White","5","8",4,"Democrat",7,0,0
678,64,"female","Other","5","9",3,"Republican",0,1,0
679,82,"male","White","2","1",4,"Republican",4,1,0
680,20,"male","White","5","1",2,"Republican",5,1,0
681,71,"female","White","5","2",6,"Republican",5,0,0
682,18,"female","White","4","7",7,"Republican",1,0,0
683,40,"female","Latino","4","9",4,"Other",6,1,0
684,47,"female","Latino","1","4",4,"Democrat",9,0,0
685,49,"female","White","5","5",4,"Independent",7,0,0
686,48,"female","White","2","1",5,"Independent",4,0,0
687,51,"male","White","2","9",5,"Independent",2,1,1
688,50,"male","White","3","3",7,"Independent",6,1,0
689,29,"female","Black","3","9",1,"Independent",7,1,0
690,52,"male","White","2","2",4,"Democrat",5,0,0
691,63,"female","Black","4","5",4,"Democrat",7,1,1
692,50,"female","White","3","10",7,"Independent",5,1,1
693,82,"male","White","3","3",4,"Republican",0,1,0
694,85,"female","Other","3","4",5,"Republican",6,1,1
695,45,"male","Latino","5","1",4,"Independent",5,0,0
696,53,"male","White","1","3",5,"Republican",3,1,0
697,25,"male","White","1","7",4,"Republican",3,0,1
698,57,"female","White","3","6",4,"Republican",1,1,0
699,50,"male","Black","1","3",5,"Democrat",4,0,0
700,43,"female","White","2","7",6,"Democrat",8,1,0
701,39,"male","Latino","2","2",4,"Republican",4,1,0
702,40,"male","White","2","4",6,"Independent",0,0,1
703,33,"male","White","3","8",4,"Republican",4,1,0
704,39,"female","Latino","4","8",5,"Democrat",4,0,1
705,22,"male","White","1","2",7,"Independent",5,1,0
706,43,"male","Black","2","6",7,"Democrat",5,0,1
707,58,"female","Latino","2","2",4,"Other",5,0,0
708,71,"female","White","1","9",4,"Democrat",7,1,0
709,51,"female","Latino","3","6",6,"Republican",5,1,1
710,56,"male","Latino","2","5",3,"Independent",3,1,1
711,42,"male","Latino","2","4",7,"Republican",6,1,1
712,75,"male","White","5","1",4,"Independent",0,1,1
713,79,"female","Black","2","4",4,"Independent",2,0,0
714,88,"female","White","1","6",4,"Republican",1,1,0
715,38,"female","White","4","3",4,"Independent",2,0,0
716,29,"male","Black","3","7",2,"Independent",5,1,0
717,27,"female","Black","4","5",4,"Republican",7,1,1
718,62,"female","Latino","4","5",5,"Independent",4,1,0
719,19,"female","White","5","7",1,"Republican",5,1,0
720,59,"male","White","2","7",3,"Republican",6,1,0
721,85,"male","Latino","3","10",7,"Independent",1,0,0
722,49,"female","White","5","8",4,"Democrat",1,1,0
723,81,"female","Latino","1","7",6,"Independent",7,1,1
724,22,"male","White","1","2",4,"Democrat",7,0,0
725,53,"female","Latino","3","2",1,"Other",3,1,0
726,67,"male","Latino","3","2",3,"Republican",4,1,0
727,89,"female","Asian","4","8",6,"Democrat",3,0,0
728,24,"male","White","4","10",4,"Democrat",7,0,1
729,24,"female","Latino","4","1",5,"Democrat",4,1,0
730,83,"male","Other","5","3",4,"Independent",5,0,1
731,34,"female","White","1","2",1,"Republican",2,1,0
732,38,"female","White","3","5",2,"Democrat",2,1,1
733,59,"female","Latino","4","10",4,"Independent",6,0,1
734,81,"male","White","4","9",4,"Republican",5,1,1
735,82,"male","Black","4","1",5,"Republican",1,1,0
736,61,"male","White","1","5",1,"Republican",0,1,0
737,66,"female","White","1","1",4,"Democrat",2,0,0
738,55,"female","White","1","9",1,"Republican",6,1,0
739,80,"female","Asian","4","6",2,"Republican",1,1,0
740,33,"female","Latino","5","5",7,"Republican",5,0,1
741,23,"female","Asian","3","5",7,"Republican",5,1,1
742,73,"male","Latino","2","6",5,"Democrat",3,1,0
743,81,"male","White","1","10",4,"Republican",6,1,0
744,43,"female","Latino","1","1",4,"Republican",4,1,0
745,19,"female","Latino","1","10",4,"Democrat",1,1,0
746,36,"female","White","1","1",4,"Democrat",6,1,0
747,36,"male","Latino","1","4",4,"Republican",1,1,1
748,85,"male","White","4","6",5,"Democrat",6,1,0
749,42,"female","White","5","9",4,"Democrat",4,1,1
750,37,"female","Black","1","10",4,"Democrat",1,1,0
751,59,"male","White","3","7",2,"Republican",2,1,0
752,76,"female","White","3","3",2,"Other",3,1,0
753,36,"male","White","1","9",1,"Republican",4,1,0
754,38,"male","White","3","4",4,"Republican",8,1,1
755,65,"male","Black","1","3",6,"Independent",1,1,1
756,81,"female","White","5","7",6,"Democrat",0,1,0
757,83,"female","White","5","9",4,"Democrat",7,1,0
758,82,"female","Black","1","9",3,"Republican",3,1,0
759,64,"female","White","4","8",4,"Independent",2,0,1
760,37,"male","White","5","1",4,"Democrat",6,1,0
761,50,"male","White","4","8",1,"Democrat",3,1,0
762,46,"male","White","2","1",1,"Republican",3,1,0
763,37,"male","White","3","8",6,"Independent",7,1,1
764,43,"male","Black","4","4",6,"Independent",4,0,1
765,86,"female","White","5","9",4,"Independent",4,1,0
766,80,"female","White","4","5",4,"Republican",5,1,1
767,34,"male","White","1","1",3,"Democrat",3,1,1
768,48,"male","Latino","3","9",6,"Independent",9,0,1
769,64,"male","White","2","5",2,"Republican",4,1,0
770,41,"female","White","2","2",2,"Independent",3,1,0
771,31,"female","Asian","4","1",2,"Democrat",6,1,1
772,66,"male","White","5","3",5,"Democrat",2,1,0
773,46,"female","White","2","4",3,"Republican",1,1,1
774,71,"male","Latino","5","7",4,"Independent",5,0,0
775,44,"male","White","5","6",2,"Independent",5,1,0
776,34,"female","White","1","2",4,"Independent",4,0,1
777,47,"female","Asian","2","2",6,"Independent",5,1,0
778,28,"male","Latino","2","2",6,"Republican",1,1,1
779,33,"male","Other","5","7",5,"Democrat",4,1,1
780,50,"male","White","4","7",1,"Republican",3,1,0
781,26,"female","White","1","10",4,"Democrat",3,0,0
782,68,"female","White","2","2",6,"Democrat",4,0,1
783,69,"male","Latino","3","1",6,"Democrat",4,1,1
784,66,"male","White","1","10",5,"Independent",6,0,0
785,26,"male","White","4","5",2,"Democrat",5,1,0
786,55,"female","White","3","7",6,"Democrat",7,0,1
787,22,"female","Latino","5","5",2,"Republican",3,1,0
788,59,"male","White","2","8",7,"Democrat",1,1,1
789,54,"male","White","2","7",5,"Democrat",7,0,0
790,77,"female","White","2","8",6,"Republican",6,0,1
791,70,"female","White","3","8",3,"Independent",5,1,0
792,87,"female","Black","4","9",4,"Democrat",4,1,1
793,62,"male","White","4","6",4,"Republican",4,1,1
794,28,"male","White","1","1",3,"Republican",3,1,1
795,73,"male","White","2","10",4,"Other",9,0,1
796,23,"female","Asian","2","10",3,"Independent",1,1,0
797,74,"male","White","5","2",6,"Independent",2,0,0
798,44,"female","White","2","7",4,"Independent",3,0,1
799,38,"male","Latino","2","1",5,"Independent",5,1,1
800,59,"male","Black","4","4",3,"Republican",0,1,0
801,52,"female","Latino","4","3",5,"Republican",6,1,1
802,71,"male","White","2","9",6,"Republican",4,0,0
803,36,"male","White","4","8",4,"Democrat",2,1,0
804,41,"male","White","1","3",4,"Republican",7,1,0
805,48,"female","Black","3","9",4,"Republican",1,1,0
806,22,"male","Latino","1","4",5,"Democrat",3,1,1
807,65,"female","White","1","8",5,"Democrat",7,1,0
808,28,"male","White","1","3",4,"Democrat",0,1,1
809,27,"male","White","3","10",2,"Democrat",4,1,0
810,41,"male","White","4","2",5,"Independent",4,1,0
811,82,"male","Latino","5","3",4,"Democrat",5,1,1
812,81,"male","White","5","2",4,"Independent",5,1,0
813,35,"female","Other","2","3",4,"Democrat",1,1,0
814,81,"male","Latino","4","8",4,"Independent",0,1,0
815,25,"male","Black","3","1",3,"Independent",5,1,1
816,43,"female","White","2","9",4,"Independent",4,1,1
817,38,"male","White","5","10",6,"Democrat",4,1,0
818,78,"female","White","5","3",3,"Independent",1,1,0
819,57,"male","Other","2","2",5,"Democrat",5,0,1
820,29,"male","White","5","10",7,"Republican",9,1,1
821,20,"male","White","2","6",3,"Democrat",4,1,0
822,21,"female","White","5","3",4,"Democrat",0,0,0
823,33,"female","White","2","10",4,"Democrat",3,0,1
824,77,"male","White","3","2",4,"Independent",4,1,1
825,90,"female","Black","4","2",2,"Republican",6,1,0
826,77,"male","White","4","6",4,"Republican",7,1,1
827,44,"male","White","5","10",4,"Republican",3,1,0
828,41,"female","White","2","1",4,"Independent",3,1,0
829,60,"male","Black","2","5",6,"Republican",0,1,1
830,33,"female","White","2","6",5,"Independent",4,1,1
831,87,"female","White","2","1",5,"Independent",3,1,1
832,57,"male","White","4","3",6,"Democrat",1,0,1
833,65,"female","White","3","7",4,"Republican",6,0,1
834,71,"male","White","5","9",3,"Republican",0,1,0
835,52,"female","Asian","2","4",4,"Independent",2,0,1
836,77,"male","White","3","2",4,"Independent",8,1,0
837,44,"female","White","5","7",4,"Republican",4,1,1
838,47,"female","Latino","4","4",2,"Independent",0,1,0
839,44,"female","White","1","9",3,"Democrat",5,1,0
840,37,"male","White","3","2",4,"Democrat",8,1,0
841,52,"male","Black","4","3",3,"Independent",8,1,0
842,90,"female","White","4","1",3,"Republican",3,1,0
843,20,"female","White","5","9",3,"Republican",3,1,0
844,31,"male","White","1","1",6,"Independent",6,0,1
845,33,"female","White","4","9",4,"Republican",2,1,0
846,86,"male","White","4","9",3,"Democrat",2,1,0
847,18,"female","White","3","9",5,"Democrat",3,1,0
848,74,"female","Latino","1","1",3,"Democrat",5,1,0
849,57,"male","White","1","8",5,"Democrat",4,0,0
850,70,"female","White","4","4",4,"Other",4,1,0
851,87,"female","Latino","5","10",4,"Democrat",2,1,0
852,42,"female","White","4","8",5,"Democrat",5,1,0
853,83,"male","Other","1","5",1,"Independent",4,1,0
854,65,"male","White","2","2",4,"Democrat",0,0,0
855,52,"female","Black","5","2",3,"Democrat",7,0,0
856,78,"female","Black","1","7",5,"Democrat",5,0,0
857,82,"male","White","3","5",4,"Republican",4,1,0
858,64,"male","Latino","1","1",5,"Republican",7,0,0
859,57,"male","White","5","1",6,"Democrat",3,0,1
860,66,"female","White","3","1",1,"Democrat",5,1,0
861,23,"male","White","5","8",5,"Independent",4,0,0
862,21,"male","White","4","2",1,"Republican",6,1,0
863,81,"nonbinary","Latino","5","7",5,"Independent",9,0,1
864,46,"male","White","3","7",1,"Independent",5,1,0
865,51,"male","Latino","5","8",1,"Independent",8,1,1
866,54,"male","Black","1","7",4,"Republican",3,0,1
867,50,"female","White","3","8",3,"Democrat",3,1,1
868,71,"male","White","2","7",2,"Republican",1,1,0
869,89,"male","White","1","2",6,"Democrat",3,0,1
870,38,"female","White","4","3",1,"Republican",6,1,0
871,60,"female","White","4","6",2,"Democrat",3,1,0
872,74,"female","White","4","6",2,"Republican",3,1,0
873,78,"male","Black","1","4",1,"Republican",3,1,0
874,81,"male","White","1","3",4,"Democrat",6,1,1
875,63,"female","Black","5","3",2,"Republican",1,1,0
876,34,"male","White","5","5",7,"Independent",6,0,1
877,69,"female","Black","3","6",5,"Republican",0,0,0
878,57,"female","White","1","10",4,"Democrat",2,0,0
879,33,"female","Black","3","9",6,"Democrat",2,1,0
880,28,"male","White","4","9",4,"Independent",5,0,0
881,70,"male","White","4","8",5,"Republican",3,0,0
882,58,"female","White","2","3",4,"Republican",4,1,0
883,60,"male","White","4","2",1,"Democrat",2,1,1
884,54,"female","White","3","3",4,"Democrat",4,1,0
885,43,"female","Asian","3","7",4,"Democrat",1,1,1
886,27,"male","White","1","7",5,"Republican",3,0,0
887,59,"female","White","2","7",3,"Democrat",6,1,0
888,21,"female","White","3","6",5,"Democrat",3,0,1
889,62,"male","White","1","3",4,"Democrat",6,0,0
890,87,"male","White","5","8",4,"Democrat",5,0,0
891,77,"female","White","1","4",1,"Democrat",4,1,0
892,21,"male","Latino","4","7",3,"Democrat",4,1,1
893,89,"male","White","1","9",5,"Independent",5,0,0
894,85,"male","Latino","5","8",5,"Democrat",2,1,0
895,45,"female","White","1","5",3,"Independent",3,1,0
896,72,"female","White","3","4",6,"Republican",3,1,0
897,49,"female","White","3","9",4,"Republican",4,1,0
898,42,"female","White","2","8",4,"Democrat",4,0,0
899,51,"male","White","4","1",2,"Independent",2,1,1
900,41,"male","White","5","4",3,"Other",5,1,0
901,48,"male","Black","4","2",6,"Democrat",1,1,1
902,24,"female","White","4","8",3,"Republican",5,1,1
903,79,"female","White","5","4",4,"Independent",2,1,1
904,24,"male","White","4","10",4,"Independent",3,0,0
905,66,"male","White","2","2",6,"Democrat",5,0,1
906,26,"female","Asian","3","7",1,"Democrat",6,1,0
907,55,"male","White","4","7",3,"Independent",3,1,0
908,85,"male","Other","3","8",4,"Other",2,0,1
909,78,"female","Asian","3","2",7,"Democrat",2,0,0
910,27,"male","White","3","4",2,"Republican",5,1,1
911,21,"male","Latino","1","5",3,"Republican",0,1,0
912,88,"female","White","3","2",1,"Independent",0,1,0
913,58,"female","White","3","2",3,"Independent",8,1,0
914,67,"male","Asian","5","8",2,"Democrat",4,1,0
915,78,"male","White","5","8",4,"Democrat",4,1,0
916,75,"female","Black","4","7",5,"Independent",4,1,0
917,31,"female","Black","4","3",2,"Independent",1,1,0
918,63,"male","White","4","1",1,"Democrat",0,1,0
919,43,"male","White","2","6",4,"Independent",7,0,1
920,28,"female","White","1","9",3,"Democrat",2,1,0
921,26,"male","Asian","3","5",3,"Independent",6,1,0
922,68,"female","White","3","8",4,"Independent",4,1,0
923,31,"female","Asian","1","3",4,"Independent",4,1,0
924,21,"male","White","5","10",4,"Republican",2,1,1
925,66,"female","White","5","6",3,"Independent",2,1,0
926,65,"male","White","5","1",5,"Independent",5,1,1
927,76,"female","White","1","5",4,"Independent",4,1,0
928,85,"male","White","1","1",3,"Democrat",5,1,0
929,39,"male","Asian","3","7",6,"Democrat",7,1,1
930,43,"male","White","3","3",6,"Democrat",7,1,0
931,51,"female","Other","1","2",3,"Democrat",4,1,0
932,27,"male","White","2","9",6,"Independent",1,1,0
933,52,"male","Other","1","9",5,"Democrat",2,1,1
934,48,"male","White","5","9",2,"Republican",5,1,0
935,23,"female","White","1","2",4,"Democrat",5,1,0
936,53,"male","White","4","6",4,"Democrat",2,1,0
937,69,"female","White","1","10",6,"Republican",2,1,1
938,63,"male","White","5","4",6,"Independent",3,0,1
939,67,"female","White","3","10",2,"Republican",3,1,0
940,63,"female","White","5","9",1,"Republican",5,1,0
941,37,"female","Latino","5","10",4,"Democrat",2,1,0
942,59,"male","Latino","5","6",4,"Democrat",4,0,1
943,63,"female","Other","4","2",4,"Republican",7,1,0
944,82,"male","Latino","2","10",6,"Republican",4,0,1
945,61,"female","Asian","2","3",2,"Republican",6,1,0
946,38,"male","Asian","3","7",7,"Independent",4,0,1
947,79,"female","Latino","4","3",4,"Democrat",4,0,0
948,63,"female","White","1","7",5,"Independent",1,0,0
949,85,"male","Latino","1","6",5,"Democrat",3,1,0
950,49,"female","White","1","5",4,"Republican",3,1,0
951,72,"male","White","4","2",6,"Independent",5,0,0
952,77,"female","White","2","3",6,"Democrat",4,0,0
953,35,"nonbinary","Black","1","1",5,"Independent",2,0,0
954,48,"male","White","5","10",5,"Republican",5,1,0
955,70,"male","White","5","9",4,"Democrat",5,1,0
956,67,"female","White","1","10",5,"Independent",6,0,0
957,28,"male","White","4","7",5,"Democrat",4,1,0
958,74,"male","Other","4","9",7,"Republican",1,1,0
959,59,"male","White","1","9",4,"Republican",5,1,0
960,36,"female","White","2","10",3,"Independent",3,0,0
961,78,"male","White","1","8",4,"Democrat",3,0,1
962,84,"male","White","2","2",5,"Other",7,0,1
963,24,"female","White","1","5",2,"Democrat",7,1,0
964,57,"female","Black","2","6",5,"Independent",3,1,1
965,19,"male","White","1","6",4,"Democrat",3,0,1
966,87,"female","White","3","5",3,"Independent",0,1,0
967,73,"female","Latino","2","7",4,"Democrat",4,0,0
968,85,"male","White","2","8",5,"Republican",3,1,0
969,82,"male","Black","1","1",1,"Independent",5,1,0
970,41,"male","Latino","2","4",1,"Other",5,1,0
971,36,"female","White","1","6",7,"Democrat",7,0,1
972,60,"female","Latino","2","10",3,"Independent",4,1,0
973,56,"male","Other","5","7",3,"Democrat",3,1,0
974,85,"female","White","4","4",4,"Independent",3,0,0
975,58,"female","White","4","9",7,"Republican",3,0,1
976,73,"male","White","3","3",5,"Republican",3,1,1
977,83,"female","Black","2","4",4,"Democrat",7,1,0
978,41,"male","White","3","6",4,"Democrat",5,1,0
979,50,"female","Latino","1","5",3,"Democrat",4,1,1
980,19,"male","White","5","5",4,"Democrat",3,1,0
981,63,"male","White","2","9",1,"Democrat",6,1,0
982,39,"female","Asian","5","8",7,"Independent",6,0,0
983,19,"male","Asian","2","3",4,"Democrat",3,0,1
984,59,"male","White","1","6",2,"Republican",2,0,0
985,29,"female","White","3","10",5,"Republican",5,1,1
986,40,"female","Latino","1","1",5,"Independent",2,0,0
987,82,"female","Latino","3","4",3,"Democrat",1,1,0
988,84,"male","Black","1","10",6,"Republican",1,1,0
989,35,"female","White","4","2",1,"Independent",7,1,0
990,31,"female","Black","5","2",5,"Republican",6,1,0
991,73,"male","White","2","6",2,"Democrat",4,1,0
992,74,"female","White","1","5",4,"Independent",1,0,0
993,19,"male","Latino","2","2",1,"Democrat",3,1,0
994,18,"male","Black","5","9",1,"Independent",5,1,0
995,78,"female","White","3","2",3,"Independent",4,1,0
996,38,"male","Latino","2","6",3,"Democrat",1,1,1
997,63,"male","Asian","5","3",5,"Independent",3,1,0
998,40,"male","Other","5","3",6,"Independent",5,1,1
999,48,"male","White","3","2",2,"Independent",5,1,1
1000,59,"female","Latino","5","7",2,"Other",3,1,0
1001,83,"male","Latino","3","10",7,"Democrat",4,1,1
1002,49,"male","Black","2","7",7,"Republican",3,0,0
1003,82,"male","White","1","7",1,"Republican",4,0,0
1004,57,"female","White","1","4",5,"Democrat",2,1,1
1005,88,"female","White","5","7",4,"Republican",5,1,1
1006,37,"female","White","3","6",6,"Republican",2,0,1
1007,82,"male","Latino","2","3",3,"Republican",4,1,0
1008,36,"female","White","2","3",3,"Democrat",3,1,0
1009,71,"male","Latino","5","1",6,"Independent",8,0,0
1010,23,"female","Latino","1","2",6,"Independent",4,1,1
1011,61,"nonbinary","Black","2","10",4,"Republican",2,1,1
1012,89,"female","Latino","2","2",3,"Republican",6,1,0
1013,55,"female","Latino","2","5",5,"Republican",5,0,1
1014,35,"male","White","2","10",6,"Democrat",3,0,1
1015,73,"female","White","4","3",4,"Independent",5,1,1
1016,53,"male","Black","2","4",6,"Democrat",4,0,0
1017,37,"female","White","2","1",5,"Independent",4,1,0
1018,69,"female","White","1","6",1,"Republican",3,1,0
1019,71,"female","White","3","8",5,"Democrat",6,1,0
1020,53,"female","Black","3","10",4,"Republican",4,0,0
1021,34,"male","Other","3","4",4,"Independent",5,1,1
1022,62,"male","Asian","3","9",4,"Independent",4,1,0
1023,61,"female","White","3","10",7,"Democrat",4,0,1
1024,55,"male","Latino","5","5",4,"Independent",6,0,0
1025,52,"male","White","3","9",5,"Independent",2,0,0
1026,19,"male","White","3","2",2,"Democrat",4,1,1
1027,41,"male","Black","5","7",5,"Democrat",7,1,0
1028,83,"male","White","4","8",4,"Republican",4,1,0
1029,83,"female","White","5","9",4,"Democrat",4,1,0
1030,22,"male","White","2","2",3,"Independent",6,1,0
1031,26,"male","Black","4","5",6,"Republican",3,1,0
1032,23,"male","White","5","6",4,"Independent",8,1,0
1033,43,"female","White","3","7",6,"Democrat",6,0,0
1034,45,"female","Latino","2","1",5,"Republican",7,1,0
1035,30,"female","White","2","9",2,"Democrat",4,1,0
1036,81,"female","White","2","10",3,"Independent",6,1,0
1037,33,"female","Latino","4","5",7,"Republican",6,0,0
1038,87,"male","White","3","5",1,"Democrat",5,1,0
1039,36,"female","White","5","2",2,"Democrat",5,1,1
1040,29,"female","White","4","6",4,"Democrat",6,0,0
1041,37,"female","Asian","1","9",7,"Independent",4,1,1
1042,45,"female","White","4","2",5,"Democrat",7,1,0
1043,68,"male","White","4","3",5,"Democrat",4,1,1
1044,59,"male","White","3","4",6,"Republican",4,0,1
1045,79,"nonbinary","Latino","4","10",3,"Independent",2,1,0
1046,28,"male","Black","4","9",3,"Democrat",5,1,0
1047,23,"male","White","1","2",1,"Independent",2,1,0
1048,60,"male","White","3","9",3,"Democrat",6,1,0
1049,60,"female","White","1","4",4,"Other",5,1,0
1050,25,"female","White","5","9",5,"Republican",5,0,0
1051,63,"female","Black","3","9",1,"Democrat",5,1,1
1052,51,"male","Black","1","2",7,"Democrat",3,0,1
1053,79,"female","White","3","6",4,"Republican",7,0,0
1054,62,"male","White","3","6",5,"Republican",2,0,0
1055,74,"male","White","3","6",3,"Independent",2,1,0
1056,63,"male","Black","3","9",5,"Republican",2,0,0
1057,49,"male","White","2","7",4,"Republican",5,1,0
1058,41,"male","White","5","9",4,"Democrat",7,1,0
1059,54,"male","White","1","3",4,"Independent",5,0,0
1060,21,"female","White","5","2",4,"Democrat",5,0,0
1061,47,"male","White","5","1",1,"Republican",3,1,0
1062,64,"female","White","5","9",5,"Republican",3,0,0
1063,47,"male","Latino","5","8",4,"Republican",2,1,0
1064,82,"female","Latino","3","5",7,"Republican",5,0,1
1065,31,"male","White","4","8",5,"Independent",4,1,0
1066,68,"female","White","2","1",3,"Republican",1,0,1
1067,70,"male","White","2","5",4,"Other",5,1,0
1068,43,"nonbinary","White","2","1",4,"Democrat",7,1,1
1069,52,"female","White","2","10",5,"Independent",7,0,0
1070,44,"male","White","1","9",4,"Democrat",4,1,1
1071,47,"female","White","4","5",4,"Independent",4,0,1
1072,64,"male","Other","5","10",1,"Independent",5,1,0
1073,59,"female","White","2","1",7,"Republican",2,1,1
1074,58,"female","White","5","8",6,"Independent",3,1,1
1075,51,"male","White","4","3",7,"Independent",0,0,0
1076,49,"female","Latino","3","6",4,"Republican",1,0,0
1077,56,"male","Latino","4","9",5,"Republican",7,0,0
1078,19,"male","White","1","7",4,"Democrat",5,1,0
1079,78,"male","White","4","5",5,"Independent",3,1,0
1080,89,"female","White","2","1",1,"Independent",5,1,0
1081,58,"male","White","5","9",3,"Republican",7,1,0
1082,79,"female","White","1","2",7,"Democrat",7,0,1
1083,77,"female","White","4","6",4,"Democrat",2,1,0
1084,50,"male","Black","1","6",3,"Republican",3,1,1
1085,35,"male","White","3","6",4,"Democrat",0,1,0
1086,39,"male","White","2","6",7,"Republican",6,0,1
1087,73,"female","White","3","7",6,"Democrat",3,1,0
1088,39,"female","Other","3","2",2,"Democrat",8,1,0
1089,18,"nonbinary","White","1","1",4,"Democrat",7,0,0
1090,53,"male","Latino","4","10",7,"Independent",4,0,0
1091,90,"female","White","3","3",5,"Independent",4,0,1
1092,74,"male","Latino","3","5",4,"Democrat",4,1,1
1093,63,"male","Black","2","8",3,"Independent",2,1,0
1094,82,"male","White","2","2",1,"Democrat",3,0,0
1095,47,"male","Latino","1","5",4,"Democrat",6,0,0
1096,80,"male","Latino","3","7",4,"Democrat",5,1,0
1097,81,"female","White","1","5",1,"Independent",4,1,0
1098,36,"male","White","2","8",4,"Independent",7,1,0
1099,61,"male","Latino","3","1",7,"Independent",0,1,1
1100,71,"female","White","3","1",4,"Independent",0,1,1
1101,85,"female","White","4","3",2,"Democrat",6,1,1
1102,30,"male","White","4","2",3,"Democrat",2,1,1
1103,29,"male","White","1","8",3,"Independent",4,1,0
1104,54,"male","White","4","3",2,"Democrat",6,1,0
1105,63,"female","White","5","1",4,"Independent",1,1,1
1106,72,"nonbinary","Black","3","8",2,"Independent",1,1,0
1107,27,"male","White","4","10",5,"Independent",4,0,1
1108,74,"male","Black","2","10",4,"Democrat",7,1,1
1109,40,"male","White","4","5",6,"Republican",5,0,1
1110,27,"male","White","2","8",6,"Democrat",3,0,1
1111,44,"male","White","3","10",3,"Democrat",6,1,0
1112,49,"female","White","1","3",2,"Republican",5,1,0
1113,47,"female","White","5","2",3,"Independent",4,1,0
1114,19,"female","Other","4","5",1,"Independent",4,1,0
1115,81,"female","White","1","7",3,"Democrat",3,0,0
1116,42,"female","Latino","1","1",6,"Independent",5,0,0
1117,78,"female","White","3","3",6,"Independent",5,1,1
1118,30,"male","White","2","1",2,"Independent",5,1,0
1119,55,"male","White","3","9",4,"Independent",4,1,0
1120,21,"male","White","5","1",3,"Republican",7,1,1
1121,34,"male","White","2","3",6,"Republican",0,1,1
1122,61,"female","Latino","3","3",4,"Democrat",4,1,1
1123,21,"male","White","5","1",2,"Independent",3,1,0
1124,53,"male","White","1","6",5,"Democrat",5,0,0
1125,68,"male","Latino","3","4",4,"Independent",5,1,0
1126,30,"female","White","1","4",5,"Democrat",2,0,0
1127,39,"female","White","2","6",6,"Independent",0,1,0
1128,20,"male","White","3","1",4,"Democrat",1,1,0
1129,71,"male","White","5","10",4,"Independent",6,0,0
1130,60,"female","White","3","3",5,"Independent",8,1,1
1131,32,"female","White","3","8",5,"Democrat",6,1,0
1132,22,"female","Latino","4","1",4,"Democrat",3,1,0
1133,20,"male","Latino","4","2",4,"Independent",4,1,1
1134,90,"female","White","5","2",6,"Independent",5,1,1
1135,34,"female","Black","2","7",3,"Republican",2,1,0
1136,28,"female","White","1","2",4,"Independent",4,1,0
1137,32,"male","Black","4","5",1,"Democrat",5,1,0
1138,58,"female","White","3","6",4,"Democrat",7,1,0
1139,51,"male","White","4","8",2,"Independent",2,1,0
1140,37,"male","Latino","3","8",7,"Independent",6,0,0
1141,50,"female","White","2","5",6,"Independent",10,1,0
1142,89,"male","White","5","10",4,"Republican",2,1,1
1143,39,"female","White","1","1",5,"Independent",4,1,0
1144,49,"male","White","2","7",7,"Democrat",3,1,0
1145,47,"male","Asian","4","1",4,"Independent",4,0,0
1146,24,"female","White","5","4",4,"Republican",5,1,0
1147,87,"male","Latino","4","2",4,"Democrat",4,1,0
1148,31,"male","Latino","3","5",4,"Other",2,1,0
1149,80,"male","Latino","3","7",5,"Republican",3,0,0
1150,71,"male","White","3","2",4,"Republican",5,1,1
1151,37,"male","White","4","3",5,"Democrat",4,0,1
1152,88,"female","White","2","10",5,"Democrat",3,1,0
1153,24,"male","White","4","4",4,"Democrat",4,0,0
1154,51,"female","White","5","5",4,"Independent",5,1,0
1155,31,"female","Latino","5","2",5,"Other",6,0,0
1156,53,"male","White","2","9",4,"Republican",2,1,0
1157,57,"male","Black","1","4",1,"Independent",0,1,0
1158,88,"female","Latino","5","3",7,"Independent",5,0,0
1159,39,"female","White","4","4",6,"Independent",3,1,0
1160,87,"male","Latino","2","2",4,"Independent",4,1,0
1161,62,"female","Latino","2","3",1,"Democrat",1,1,0
1162,79,"male","Black","4","7",4,"Other",0,1,1
1163,40,"male","Other","4","7",4,"Independent",6,1,0
1164,64,"male","White","5","1",4,"Independent",3,0,0
1165,78,"male","Latino","1","2",5,"Republican",0,0,0
1166,72,"female","White","2","3",3,"Democrat",4,1,0
1167,33,"female","Black","2","9",4,"Independent",2,1,0
1168,31,"female","White","4","6",6,"Independent",5,1,1
1169,51,"male","White","2","2",3,"Independent",7,0,0
1170,60,"male","Asian","5","5",3,"Republican",1,0,0
1171,82,"female","White","4","9",6,"Democrat",1,1,0
1172,66,"male","White","5","10",5,"Democrat",6,1,0
1173,80,"female","White","3","8",5,"Democrat",4,1,1
1174,54,"male","White","3","7",4,"Independent",3,0,0
1175,90,"male","Latino","5","6",2,"Democrat",3,1,0
1176,34,"male","White","2","9",4,"Democrat",7,1,0
1177,55,"male","Black","1","2",5,"Republican",5,0,1
1178,55,"female","Black","4","2",6,"Democrat",5,1,0
1179,19,"female","White","1","2",5,"Democrat",8,1,0
1180,64,"male","Black","1","7",4,"Republican",0,0,1
1181,59,"male","Latino","2","1",5,"Independent",5,1,1
1182,64,"female","White","5","6",4,"Independent",4,0,0
1183,77,"female","Other","5","6",2,"Democrat",2,1,0
1184,55,"male","White","4","6",5,"Republican",7,1,0
1185,81,"male","Latino","3","7",2,"Republican",3,1,0
1186,24,"female","Latino","3","7",3,"Independent",7,1,1
1187,37,"male","White","4","2",6,"Independent",4,1,1
1188,70,"male","Latino","5","2",2,"Republican",3,1,0
1189,43,"male","White","3","4",4,"Democrat",2,1,0
1190,77,"female","White","5","8",4,"Republican",3,0,1
1191,51,"male","White","5","8",4,"Democrat",4,0,0
1192,34,"female","White","1","2",5,"Democrat",2,1,1
1193,56,"female","Black","2","3",2,"Democrat",4,1,0
1194,72,"male","Latino","2","6",3,"Democrat",5,1,1
1195,72,"female","White","1","7",1,"Independent",0,1,0
1196,86,"male","Latino","1","9",3,"Democrat",7,0,0
1197,18,"female","Latino","2","10",2,"Republican",1,1,0
1198,44,"male","White","1","1",4,"Independent",5,1,0
1199,27,"female","White","1","8",5,"Democrat",6,1,1
1200,39,"female","Latino","1","4",6,"Independent",6,1,0
