"respondent_id","wave","age","education","ideology","political_interest","social_media_use","participated_protest","protest_issue","voted_last_election"
1,1,78,"4",2,2,5,0,"Climate",1
1,2,78,"4",2,7,1,0,NA,1
1,3,78,"4",2,5,1,1,NA,0
2,1,74,"4",2,3,3,0,"Racial Justice",1
2,2,74,"4",2,6,3,1,"Economy",0
2,3,74,"4",2,5,0,0,"Climate",1
3,1,61,"5",3,6,3,0,"Abortion",1
3,2,61,"5",3,5,3,0,"Racial Justice",1
3,3,61,"5",3,3,5,0,"Climate",0
4,1,33,"2",7,3,4,0,"Economy",1
4,2,33,"2",7,5,2,0,"Racial Justice",0
4,3,33,"2",7,4,5,0,"Climate",0
5,1,79,"5",4,3,4,0,"Abortion",1
5,2,79,"5",4,6,4,0,NA,0
5,3,79,"5",4,5,2,0,"Climate",0
6,1,36,"3",7,6,2,1,"Racial Justice",1
6,2,36,"3",7,4,3,0,"Abortion",1
6,3,36,"3",7,5,3,0,"Racial Justice",1
7,1,56,"2",6,7,4,1,NA,0
7,2,56,"2",6,6,4,0,NA,0
7,3,56,"2",6,3,0,0,NA,0
8,1,45,"3",1,8,0,1,NA,0
8,2,45,"3",1,8,5,1,NA,0
8,3,45,"3",1,7,2,0,"Abortion",0
9,1,24,"5",5,5,2,0,"Economy",1
9,2,24,"5",5,8,5,1,"Racial Justice",1
9,3,24,"5",5,5,1,1,NA,1
10,1,48,"2",3,3,4,0,"Climate",1
10,2,48,"2",3,2,3,1,NA,0
10,3,48,"2",3,5,0,0,NA,1
11,1,56,"5",5,6,4,0,"Racial Justice",1
11,2,56,"5",5,7,2,0,NA,0
11,3,56,"5",5,8,5,0,NA,0
12,1,80,"4",4,1,0,1,"Climate",1
12,2,80,"4",4,7,4,0,NA,1
12,3,80,"4",4,5,0,0,"Climate",1
13,1,31,"4",3,3,5,1,NA,0
13,2,31,"4",3,2,2,0,"Economy",1
13,3,31,"4",3,8,5,0,"Economy",0
14,1,19,"3",7,0,0,0,NA,0
14,2,19,"3",7,6,0,0,NA,1
14,3,19,"3",7,6,1,0,"Economy",0
15,1,63,"5",6,5,3,0,NA,1
15,2,63,"5",6,5,0,0,NA,1
15,3,63,"5",6,5,3,0,NA,1
16,1,53,"5",6,7,4,0,"Racial Justice",1
16,2,53,"5",6,5,3,0,"Climate",1
16,3,53,"5",6,5,5,0,NA,1
17,1,40,"4",5,5,2,0,"Economy",1
17,2,40,"4",5,4,5,1,NA,1
17,3,40,"4",5,8,5,0,"Abortion",0
18,1,45,"2",4,8,5,0,NA,1
18,2,45,"2",4,7,3,0,"Racial Justice",1
18,3,45,"2",4,6,3,1,NA,1
19,1,33,"3",2,7,3,1,NA,0
19,2,33,"3",2,4,2,1,NA,1
19,3,33,"3",2,5,0,0,NA,1
20,1,39,"2",7,3,2,0,"Racial Justice",0
20,2,39,"2",7,4,3,0,"Economy",0
20,3,39,"2",7,3,4,0,NA,1
21,1,22,"2",7,3,2,0,NA,1
21,2,22,"2",7,4,0,0,"Abortion",1
21,3,22,"2",7,2,5,0,"Abortion",1
22,1,59,"1",1,7,0,1,"Climate",0
22,2,59,"1",1,4,2,1,NA,0
22,3,59,"1",1,3,1,1,"Racial Justice",1
23,1,65,"5",1,8,0,1,NA,1
23,2,65,"5",1,7,2,0,"Racial Justice",1
23,3,65,"5",1,8,4,0,NA,1
24,1,28,"3",4,6,2,0,"Economy",1
24,2,28,"3",4,5,4,0,"Abortion",0
24,3,28,"3",4,6,2,0,"Climate",1
25,1,31,"4",7,9,4,0,NA,1
25,2,31,"4",7,2,1,1,"Climate",1
25,3,31,"4",7,5,0,1,"Climate",1
26,1,68,"2",2,5,1,1,"Racial Justice",0
26,2,68,"2",2,3,3,0,NA,1
26,3,68,"2",2,3,3,1,NA,1
27,1,65,"5",6,4,5,0,"Racial Justice",1
27,2,65,"5",6,1,2,0,NA,0
27,3,65,"5",6,7,1,0,"Climate",1
28,1,20,"2",7,3,2,0,NA,1
28,2,20,"2",7,4,2,0,"Climate",1
28,3,20,"2",7,6,2,1,NA,0
29,1,60,"2",6,8,0,0,NA,1
29,2,60,"2",6,8,2,1,NA,1
29,3,60,"2",6,4,2,1,NA,0
30,1,19,"4",7,5,0,0,NA,1
30,2,19,"4",7,9,1,0,"Abortion",1
30,3,19,"4",7,3,3,0,"Economy",0
31,1,65,"2",1,4,2,0,NA,0
31,2,65,"2",1,5,2,1,"Economy",1
31,3,65,"2",1,4,0,1,"Climate",1
32,1,39,"1",3,5,1,0,"Abortion",0
32,2,39,"1",3,7,3,0,"Racial Justice",0
32,3,39,"1",3,6,5,0,"Abortion",1
33,1,45,"1",5,2,2,0,NA,0
33,2,45,"1",5,5,1,0,NA,1
33,3,45,"1",5,6,4,1,"Abortion",1
34,1,26,"2",3,6,5,0,"Abortion",1
34,2,26,"2",3,5,0,1,"Abortion",1
34,3,26,"2",3,0,1,0,NA,1
35,1,45,"3",5,8,1,0,"Climate",1
35,2,45,"3",5,7,4,0,"Climate",0
35,3,45,"3",5,6,2,0,"Racial Justice",0
36,1,76,"3",2,5,5,0,NA,1
36,2,76,"3",2,3,0,0,NA,0
36,3,76,"3",2,4,5,0,"Economy",0
37,1,66,"3",6,7,0,1,"Climate",1
37,2,66,"3",6,8,3,0,NA,1
37,3,66,"3",6,4,0,1,"Abortion",1
38,1,55,"3",4,8,3,1,NA,0
38,2,55,"3",4,2,0,0,NA,1
38,3,55,"3",4,5,5,0,NA,0
39,1,52,"2",5,5,2,0,NA,1
39,2,52,"2",5,4,1,0,NA,1
39,3,52,"2",5,2,5,0,NA,0
40,1,52,"1",5,5,0,0,NA,0
40,2,52,"1",5,2,1,0,NA,1
40,3,52,"1",5,5,3,1,"Climate",1
41,1,27,"4",6,7,1,0,"Economy",1
41,2,27,"4",6,3,5,0,"Abortion",0
41,3,27,"4",6,5,1,0,NA,0
42,1,23,"4",6,7,4,0,"Abortion",1
42,2,23,"4",6,5,5,0,NA,1
42,3,23,"4",6,3,4,1,NA,1
43,1,32,"5",6,6,3,0,NA,1
43,2,32,"5",6,8,5,0,"Racial Justice",1
43,3,32,"5",6,6,1,0,NA,1
44,1,43,"4",3,4,5,0,NA,1
44,2,43,"4",3,5,5,0,NA,1
44,3,43,"4",3,6,0,0,NA,1
45,1,45,"2",1,8,0,1,"Abortion",0
45,2,45,"2",1,3,3,0,"Climate",1
45,3,45,"2",1,10,4,0,NA,1
46,1,34,"1",5,7,2,0,"Racial Justice",1
46,2,34,"1",5,4,1,1,NA,1
46,3,34,"1",5,7,3,0,"Climate",0
47,1,37,"3",1,4,5,0,"Racial Justice",0
47,2,37,"3",1,5,2,0,"Economy",1
47,3,37,"3",1,5,2,1,NA,1
48,1,68,"3",7,9,3,1,"Climate",0
48,2,68,"3",7,5,1,0,"Abortion",1
48,3,68,"3",7,1,5,0,"Climate",1
49,1,77,"2",2,6,0,0,NA,1
49,2,77,"2",2,5,5,0,"Climate",1
49,3,77,"2",2,5,3,0,NA,1
50,1,41,"4",1,6,5,1,"Abortion",0
50,2,41,"4",1,4,4,0,"Economy",0
50,3,41,"4",1,3,0,0,NA,1
51,1,79,"3",4,5,4,0,"Racial Justice",0
51,2,79,"3",4,5,5,1,"Abortion",1
51,3,79,"3",4,6,5,0,NA,0
52,1,26,"4",6,6,1,0,NA,1
52,2,26,"4",6,7,3,0,NA,1
52,3,26,"4",6,3,0,0,"Racial Justice",1
53,1,49,"2",7,6,4,1,"Abortion",1
53,2,49,"2",7,9,2,0,"Abortion",0
53,3,49,"2",7,7,3,1,NA,1
54,1,27,"5",1,4,1,1,NA,1
54,2,27,"5",1,7,1,1,NA,1
54,3,27,"5",1,5,2,0,"Economy",0
55,1,57,"2",4,7,1,0,"Climate",1
55,2,57,"2",4,6,0,0,NA,1
55,3,57,"2",4,5,5,0,NA,1
56,1,39,"2",5,6,1,0,"Racial Justice",1
56,2,39,"2",5,2,4,0,"Climate",1
56,3,39,"2",5,7,2,0,NA,1
57,1,54,"5",4,6,2,0,NA,1
57,2,54,"5",4,7,4,0,"Racial Justice",1
57,3,54,"5",4,5,5,0,"Climate",1
58,1,25,"3",4,6,1,0,"Climate",0
58,2,25,"3",4,0,5,0,NA,0
58,3,25,"3",4,8,3,1,"Climate",1
59,1,21,"4",7,4,1,0,"Climate",1
59,2,21,"4",7,7,3,0,"Abortion",0
59,3,21,"4",7,5,2,0,NA,0
60,1,64,"2",5,4,1,0,"Climate",1
60,2,64,"2",5,9,5,0,NA,1
60,3,64,"2",5,5,1,0,NA,1
61,1,51,"4",4,4,1,0,"Climate",1
61,2,51,"4",4,7,4,0,"Racial Justice",1
61,3,51,"4",4,5,0,1,"Racial Justice",1
62,1,45,"4",5,8,2,0,"Abortion",1
62,2,45,"4",5,4,0,0,NA,1
62,3,45,"4",5,5,0,0,NA,1
63,1,60,"5",3,1,2,0,NA,1
63,2,60,"5",3,4,4,0,NA,1
63,3,60,"5",3,3,2,0,NA,1
64,1,73,"4",3,3,4,1,"Climate",1
64,2,73,"4",3,6,2,0,"Abortion",1
64,3,73,"4",3,3,0,0,NA,1
65,1,78,"5",7,2,0,0,"Racial Justice",1
65,2,78,"5",7,4,0,0,"Abortion",1
65,3,78,"5",7,7,2,0,NA,1
66,1,31,"4",4,4,0,0,"Climate",1
66,2,31,"4",4,5,4,1,"Abortion",1
66,3,31,"4",4,7,0,0,"Climate",1
67,1,65,"5",3,4,5,1,NA,1
67,2,65,"5",3,6,1,1,NA,0
67,3,65,"5",3,5,1,0,"Climate",1
68,1,28,"2",4,6,0,0,NA,1
68,2,28,"2",4,6,5,0,"Climate",0
68,3,28,"2",4,4,3,1,NA,1
69,1,38,"2",4,6,2,0,NA,0
69,2,38,"2",4,8,1,0,NA,1
69,3,38,"2",4,7,5,0,NA,1
70,1,22,"2",6,5,4,0,"Abortion",0
70,2,22,"2",6,5,5,0,"Abortion",0
70,3,22,"2",6,5,2,0,"Economy",1
71,1,48,"1",5,5,5,0,NA,0
71,2,48,"1",5,2,1,1,"Abortion",1
71,3,48,"1",5,8,0,0,"Economy",0
72,1,69,"4",1,4,3,0,NA,0
72,2,69,"4",1,3,2,0,"Climate",1
72,3,69,"4",1,5,3,0,NA,1
73,1,68,"5",4,3,2,1,NA,1
73,2,68,"5",4,4,1,0,NA,0
73,3,68,"5",4,6,0,0,NA,0
74,1,67,"1",6,7,0,0,"Climate",0
74,2,67,"1",6,4,5,0,"Racial Justice",0
74,3,67,"1",6,5,4,0,NA,1
75,1,47,"5",7,6,2,1,NA,1
75,2,47,"5",7,1,3,0,NA,1
75,3,47,"5",7,6,3,0,"Climate",0
76,1,50,"3",7,2,2,0,"Climate",1
76,2,50,"3",7,5,5,1,"Economy",1
76,3,50,"3",7,5,3,0,"Economy",1
77,1,18,"3",7,5,4,0,"Climate",1
77,2,18,"3",7,4,5,0,"Economy",1
77,3,18,"3",7,5,2,0,NA,1
78,1,74,"4",1,6,1,1,NA,0
78,2,74,"4",1,3,5,0,NA,1
78,3,74,"4",1,5,2,0,"Racial Justice",1
79,1,23,"4",5,5,5,0,NA,0
79,2,23,"4",5,5,1,0,NA,1
79,3,23,"4",5,4,2,1,"Abortion",1
80,1,44,"5",2,3,2,0,"Racial Justice",1
80,2,44,"5",2,8,0,0,"Climate",1
80,3,44,"5",2,7,3,0,"Racial Justice",1
81,1,74,"2",4,3,2,1,NA,1
81,2,74,"2",4,8,1,0,"Economy",0
81,3,74,"2",4,0,0,1,"Climate",1
82,1,48,"2",5,7,2,1,NA,1
82,2,48,"2",5,7,5,0,"Climate",1
82,3,48,"2",5,3,4,0,NA,0
83,1,54,"2",5,7,3,0,"Climate",0
83,2,54,"2",5,8,4,0,NA,1
83,3,54,"2",5,7,1,0,"Racial Justice",1
84,1,73,"1",7,6,5,0,NA,1
84,2,73,"1",7,6,3,0,NA,1
84,3,73,"1",7,7,3,0,"Climate",0
85,1,69,"5",6,6,2,1,"Racial Justice",1
85,2,69,"5",6,4,3,0,"Economy",1
85,3,69,"5",6,7,0,0,"Abortion",0
86,1,37,"5",1,5,1,0,NA,1
86,2,37,"5",1,4,3,0,"Economy",1
86,3,37,"5",1,8,0,0,NA,1
87,1,30,"2",6,5,2,0,"Racial Justice",0
87,2,30,"2",6,3,2,0,"Abortion",1
87,3,30,"2",6,3,3,0,"Abortion",1
88,1,80,"1",1,6,3,0,"Racial Justice",1
88,2,80,"1",1,9,3,0,"Abortion",1
88,3,80,"1",1,6,0,0,"Racial Justice",0
89,1,33,"4",5,3,0,0,"Climate",1
89,2,33,"4",5,4,0,0,"Abortion",1
89,3,33,"4",5,4,0,0,"Abortion",0
90,1,68,"5",7,2,2,0,"Racial Justice",0
90,2,68,"5",7,5,5,1,NA,0
90,3,68,"5",7,7,2,1,NA,1
91,1,76,"3",2,5,5,0,"Abortion",1
91,2,76,"3",2,4,3,0,NA,0
91,3,76,"3",2,4,0,0,"Climate",1
92,1,78,"3",6,3,5,1,"Economy",1
92,2,78,"3",6,6,3,0,"Racial Justice",0
92,3,78,"3",6,4,3,1,"Climate",1
93,1,69,"1",7,3,4,1,"Racial Justice",1
93,2,69,"1",7,5,5,0,NA,0
93,3,69,"1",7,7,0,0,"Racial Justice",0
94,1,34,"1",7,9,2,0,NA,1
94,2,34,"1",7,6,5,0,"Racial Justice",1
94,3,34,"1",7,1,0,0,NA,0
95,1,58,"1",6,4,0,0,NA,0
95,2,58,"1",6,5,3,0,"Economy",0
95,3,58,"1",6,5,3,0,NA,1
96,1,78,"4",5,7,4,0,NA,1
96,2,78,"4",5,3,1,1,NA,1
96,3,78,"4",5,7,2,1,NA,0
97,1,78,"3",5,4,0,0,"Climate",0
97,2,78,"3",5,3,4,0,"Climate",1
97,3,78,"3",5,4,2,0,"Abortion",1
98,1,28,"2",5,2,3,0,NA,0
98,2,28,"2",5,4,4,0,"Racial Justice",1
98,3,28,"2",5,6,2,0,NA,1
99,1,61,"4",1,10,5,0,NA,0
99,2,61,"4",1,2,4,1,NA,0
99,3,61,"4",1,6,3,1,"Racial Justice",1
100,1,45,"1",7,4,3,0,NA,1
100,2,45,"1",7,8,1,0,NA,1
100,3,45,"1",7,6,2,0,NA,0
101,1,72,"1",6,4,5,0,NA,1
101,2,72,"1",6,7,3,0,"Abortion",1
101,3,72,"1",6,6,3,0,NA,1
102,1,31,"2",1,4,4,1,NA,1
102,2,31,"2",1,4,0,1,NA,1
102,3,31,"2",1,6,3,0,"Racial Justice",1
103,1,69,"4",6,6,5,0,"Climate",0
103,2,69,"4",6,2,1,1,"Climate",0
103,3,69,"4",6,0,5,0,NA,0
104,1,25,"5",6,4,5,0,NA,0
104,2,25,"5",6,8,5,1,"Racial Justice",1
104,3,25,"5",6,3,2,1,"Climate",1
105,1,48,"2",2,7,0,0,"Climate",0
105,2,48,"2",2,4,5,0,"Racial Justice",1
105,3,48,"2",2,5,5,0,"Economy",1
106,1,79,"4",5,5,3,0,"Economy",0
106,2,79,"4",5,2,2,0,NA,1
106,3,79,"4",5,6,4,0,"Climate",1
107,1,28,"2",5,2,3,0,"Racial Justice",1
107,2,28,"2",5,6,2,0,"Climate",1
107,3,28,"2",5,6,2,1,NA,1
108,1,61,"2",1,5,4,1,NA,1
108,2,61,"2",1,5,4,1,NA,0
108,3,61,"2",1,5,4,0,NA,1
109,1,70,"1",7,5,2,0,"Racial Justice",0
109,2,70,"1",7,8,5,1,"Racial Justice",1
109,3,70,"1",7,10,3,0,NA,0
110,1,28,"5",7,4,4,0,NA,1
110,2,28,"5",7,6,3,0,"Climate",1
110,3,28,"5",7,2,0,0,NA,1
111,1,69,"4",3,8,2,1,"Racial Justice",1
111,2,69,"4",3,4,1,0,"Climate",1
111,3,69,"4",3,7,5,1,NA,1
112,1,26,"3",3,8,2,0,NA,1
112,2,26,"3",3,6,0,0,"Economy",0
112,3,26,"3",3,5,5,0,NA,1
113,1,70,"1",3,3,5,0,"Racial Justice",0
113,2,70,"1",3,2,5,0,"Abortion",0
113,3,70,"1",3,4,4,0,"Climate",1
114,1,38,"1",3,8,2,0,"Abortion",1
114,2,38,"1",3,2,5,1,NA,1
114,3,38,"1",3,2,0,0,"Racial Justice",1
115,1,56,"4",5,8,1,1,NA,1
115,2,56,"4",5,6,5,1,"Economy",1
115,3,56,"4",5,5,0,0,"Climate",1
116,1,75,"5",2,3,1,0,NA,1
116,2,75,"5",2,5,0,1,"Racial Justice",1
116,3,75,"5",2,4,3,1,NA,1
117,1,77,"4",2,5,4,0,"Racial Justice",1
117,2,77,"4",2,5,5,0,"Racial Justice",1
117,3,77,"4",2,5,3,0,"Racial Justice",0
118,1,48,"2",1,5,2,1,"Economy",1
118,2,48,"2",1,6,3,1,NA,1
118,3,48,"2",1,5,2,0,"Climate",1
119,1,71,"2",5,6,0,0,"Racial Justice",0
119,2,71,"2",5,5,2,0,NA,0
119,3,71,"2",5,7,4,0,NA,0
120,1,49,"2",1,5,0,0,NA,0
120,2,49,"2",1,4,2,0,NA,1
120,3,49,"2",1,4,4,0,"Racial Justice",1
121,1,24,"4",4,6,3,0,"Racial Justice",0
121,2,24,"4",4,4,3,0,"Racial Justice",0
121,3,24,"4",4,5,4,0,NA,1
122,1,68,"2",6,5,0,0,NA,0
122,2,68,"2",6,4,0,1,NA,1
122,3,68,"2",6,10,2,0,NA,1
123,1,55,"1",2,5,2,0,NA,1
123,2,55,"1",2,6,3,0,"Abortion",0
123,3,55,"1",2,8,1,0,"Climate",1
124,1,80,"5",6,5,3,0,NA,0
124,2,80,"5",6,5,2,0,NA,1
124,3,80,"5",6,3,2,0,NA,1
125,1,44,"1",2,9,4,1,NA,0
125,2,44,"1",2,4,3,0,NA,0
125,3,44,"1",2,4,2,1,"Economy",1
126,1,47,"2",5,4,0,1,"Economy",0
126,2,47,"2",5,3,2,0,NA,1
126,3,47,"2",5,8,0,1,"Racial Justice",1
127,1,31,"1",3,5,0,0,"Racial Justice",0
127,2,31,"1",3,3,4,0,NA,1
127,3,31,"1",3,4,0,0,NA,1
128,1,55,"1",2,3,1,0,"Racial Justice",1
128,2,55,"1",2,6,0,0,"Abortion",1
128,3,55,"1",2,6,3,0,"Racial Justice",1
129,1,18,"4",7,3,2,1,NA,1
129,2,18,"4",7,9,5,0,NA,0
129,3,18,"4",7,6,4,1,NA,0
130,1,42,"2",2,9,5,0,NA,1
130,2,42,"2",2,5,5,0,"Economy",1
130,3,42,"2",2,5,2,0,NA,0
131,1,56,"1",2,4,0,0,NA,0
131,2,56,"1",2,2,2,0,"Climate",1
131,3,56,"1",2,5,0,1,NA,1
132,1,32,"4",7,1,4,0,"Economy",0
132,2,32,"4",7,4,1,1,"Economy",1
132,3,32,"4",7,2,3,0,"Abortion",1
133,1,50,"4",6,6,0,0,NA,1
133,2,50,"4",6,5,1,0,NA,0
133,3,50,"4",6,6,3,1,NA,0
134,1,70,"5",2,5,0,0,NA,1
134,2,70,"5",2,5,5,0,"Climate",1
134,3,70,"5",2,5,4,0,"Racial Justice",0
135,1,53,"1",6,4,5,0,NA,0
135,2,53,"1",6,6,1,1,NA,0
135,3,53,"1",6,2,4,1,"Abortion",1
136,1,35,"2",3,6,3,0,NA,0
136,2,35,"2",3,7,0,0,"Racial Justice",1
136,3,35,"2",3,7,1,0,"Economy",0
137,1,20,"5",1,6,3,1,NA,1
137,2,20,"5",1,9,4,0,"Climate",1
137,3,20,"5",1,7,2,0,NA,1
138,1,52,"3",1,8,3,0,NA,1
138,2,52,"3",1,8,5,0,NA,1
138,3,52,"3",1,6,3,1,NA,0
139,1,53,"2",5,6,2,1,NA,0
139,2,53,"2",5,6,1,0,NA,1
139,3,53,"2",5,2,0,1,"Racial Justice",1
140,1,66,"2",7,6,3,1,NA,1
140,2,66,"2",7,4,3,0,"Abortion",1
140,3,66,"2",7,3,4,1,NA,0
141,1,74,"5",3,3,5,0,NA,1
141,2,74,"5",3,6,4,0,NA,0
141,3,74,"5",3,6,0,1,NA,1
142,1,28,"1",6,2,1,0,NA,1
142,2,28,"1",6,7,1,0,NA,1
142,3,28,"1",6,9,2,1,NA,0
143,1,68,"4",4,9,0,0,"Racial Justice",1
143,2,68,"4",4,10,5,0,NA,1
143,3,68,"4",4,5,4,0,NA,1
144,1,41,"4",5,6,2,0,NA,0
144,2,41,"4",5,4,0,1,NA,1
144,3,41,"4",5,7,5,0,"Abortion",0
145,1,80,"4",6,6,0,0,NA,0
145,2,80,"4",6,5,4,0,"Racial Justice",1
145,3,80,"4",6,5,5,0,NA,1
146,1,34,"2",7,3,1,0,NA,1
146,2,34,"2",7,4,0,0,NA,1
146,3,34,"2",7,5,1,0,"Abortion",1
147,1,77,"5",3,5,3,0,NA,1
147,2,77,"5",3,7,2,0,"Racial Justice",0
147,3,77,"5",3,8,2,0,"Racial Justice",1
148,1,51,"2",1,3,3,0,NA,1
148,2,51,"2",1,2,1,0,NA,0
148,3,51,"2",1,5,2,0,NA,1
149,1,57,"5",1,7,0,0,"Climate",1
149,2,57,"5",1,4,2,0,"Climate",1
149,3,57,"5",1,3,4,0,NA,1
150,1,78,"2",7,5,5,0,NA,1
150,2,78,"2",7,4,4,1,"Racial Justice",1
150,3,78,"2",7,3,5,0,"Racial Justice",0
151,1,19,"5",6,8,4,0,NA,0
151,2,19,"5",6,5,3,0,NA,0
151,3,19,"5",6,7,0,0,NA,1
152,1,72,"3",7,4,5,0,"Economy",1
152,2,72,"3",7,5,2,0,NA,1
152,3,72,"3",7,6,3,1,NA,1
153,1,51,"4",2,5,2,1,"Abortion",1
153,2,51,"4",2,8,0,0,"Abortion",1
153,3,51,"4",2,6,5,0,"Economy",1
154,1,19,"4",2,1,1,0,NA,1
154,2,19,"4",2,6,1,0,NA,1
154,3,19,"4",2,4,5,0,"Climate",1
155,1,59,"4",1,5,0,0,"Racial Justice",1
155,2,59,"4",1,5,1,0,NA,1
155,3,59,"4",1,6,4,0,NA,1
156,1,63,"2",2,4,4,0,"Climate",0
156,2,63,"2",2,5,1,1,"Racial Justice",1
156,3,63,"2",2,4,1,0,"Climate",1
157,1,43,"1",6,3,3,0,"Economy",1
157,2,43,"1",6,7,5,0,"Abortion",0
157,3,43,"1",6,8,2,1,"Climate",1
158,1,60,"5",5,4,5,0,"Racial Justice",1
158,2,60,"5",5,7,5,0,NA,0
158,3,60,"5",5,3,1,0,"Racial Justice",1
159,1,48,"2",7,3,2,0,"Climate",1
159,2,48,"2",7,8,5,0,NA,0
159,3,48,"2",7,9,5,0,NA,1
160,1,51,"2",7,6,3,0,"Climate",1
160,2,51,"2",7,7,0,0,"Racial Justice",1
160,3,51,"2",7,8,3,1,NA,0
161,1,45,"5",1,2,2,0,NA,1
161,2,45,"5",1,5,4,0,NA,0
161,3,45,"5",1,5,1,0,"Abortion",1
162,1,74,"2",1,4,0,0,NA,1
162,2,74,"2",1,6,0,0,NA,0
162,3,74,"2",1,4,1,0,NA,1
163,1,27,"5",4,5,1,0,NA,1
163,2,27,"5",4,9,3,0,NA,1
163,3,27,"5",4,4,1,0,"Racial Justice",0
164,1,32,"1",1,4,3,0,NA,1
164,2,32,"1",1,4,2,1,"Abortion",0
164,3,32,"1",1,7,5,1,"Economy",1
165,1,20,"5",3,3,2,0,"Economy",1
165,2,20,"5",3,5,1,0,"Climate",1
165,3,20,"5",3,6,1,0,NA,1
166,1,21,"4",6,6,1,0,NA,0
166,2,21,"4",6,4,5,0,NA,0
166,3,21,"4",6,4,1,0,"Racial Justice",1
167,1,33,"3",1,6,5,1,"Climate",1
167,2,33,"3",1,6,1,0,NA,1
167,3,33,"3",1,4,4,0,NA,1
168,1,64,"4",7,7,5,1,"Economy",1
168,2,64,"4",7,7,1,1,NA,1
168,3,64,"4",7,7,4,0,"Abortion",1
169,1,52,"3",6,4,5,1,"Economy",0
169,2,52,"3",6,7,0,0,"Racial Justice",1
169,3,52,"3",6,4,4,1,NA,0
170,1,20,"3",3,2,1,0,"Abortion",1
170,2,20,"3",3,5,0,0,NA,1
170,3,20,"3",3,2,0,1,"Abortion",1
171,1,23,"4",6,6,4,0,"Economy",1
171,2,23,"4",6,7,2,1,"Economy",0
171,3,23,"4",6,4,4,0,NA,0
172,1,55,"4",3,6,0,0,NA,1
172,2,55,"4",3,8,5,1,"Economy",1
172,3,55,"4",3,8,3,0,"Economy",1
173,1,52,"1",1,3,3,0,"Racial Justice",1
173,2,52,"1",1,3,0,0,"Racial Justice",1
173,3,52,"1",1,5,3,1,NA,1
174,1,38,"1",3,4,1,0,NA,0
174,2,38,"1",3,6,3,1,NA,1
174,3,38,"1",3,5,3,0,"Climate",1
175,1,48,"4",5,3,2,0,NA,1
175,2,48,"4",5,8,4,0,NA,0
175,3,48,"4",5,6,5,0,"Climate",1
176,1,80,"5",1,7,3,1,NA,0
176,2,80,"5",1,9,2,0,NA,1
176,3,80,"5",1,6,2,0,"Economy",1
177,1,51,"1",2,6,1,0,"Racial Justice",1
177,2,51,"1",2,9,1,0,"Racial Justice",0
177,3,51,"1",2,5,5,0,NA,1
178,1,46,"4",7,5,1,0,NA,1
178,2,46,"4",7,4,0,1,"Economy",0
178,3,46,"4",7,4,5,0,NA,0
179,1,40,"4",1,6,4,0,"Racial Justice",1
179,2,40,"4",1,4,0,0,NA,1
179,3,40,"4",1,6,1,1,NA,1
180,1,20,"5",4,6,3,0,"Racial Justice",1
180,2,20,"5",4,5,1,1,"Climate",1
180,3,20,"5",4,1,5,0,NA,1
181,1,41,"4",6,3,2,0,"Racial Justice",1
181,2,41,"4",6,7,1,0,"Racial Justice",1
181,3,41,"4",6,4,0,0,NA,0
182,1,33,"4",2,8,1,0,"Economy",1
182,2,33,"4",2,4,0,0,NA,0
182,3,33,"4",2,9,2,0,"Climate",1
183,1,73,"2",1,5,3,0,"Abortion",1
183,2,73,"2",1,5,5,0,"Climate",1
183,3,73,"2",1,7,0,1,"Abortion",0
184,1,51,"2",6,8,3,0,NA,0
184,2,51,"2",6,5,1,0,"Abortion",1
184,3,51,"2",6,4,0,0,"Climate",1
185,1,72,"4",3,3,0,0,NA,1
185,2,72,"4",3,6,3,0,NA,1
185,3,72,"4",3,8,4,0,NA,0
186,1,51,"2",2,5,3,0,"Economy",1
186,2,51,"2",2,3,3,0,"Climate",1
186,3,51,"2",2,6,2,0,"Abortion",1
187,1,33,"2",5,6,5,1,"Racial Justice",1
187,2,33,"2",5,4,5,0,NA,1
187,3,33,"2",5,9,4,0,"Climate",0
188,1,78,"4",6,5,1,1,"Racial Justice",0
188,2,78,"4",6,4,0,1,"Abortion",1
188,3,78,"4",6,8,5,0,NA,1
189,1,32,"3",1,1,0,0,NA,0
189,2,32,"3",1,5,3,0,"Racial Justice",1
189,3,32,"3",1,2,4,0,"Climate",0
190,1,45,"4",1,5,4,0,NA,0
190,2,45,"4",1,4,1,1,NA,1
190,3,45,"4",1,5,3,0,NA,1
191,1,55,"4",4,5,1,1,"Abortion",0
191,2,55,"4",4,5,2,1,NA,1
191,3,55,"4",4,8,4,0,"Racial Justice",1
192,1,43,"2",6,7,1,0,"Economy",1
192,2,43,"2",6,4,0,1,NA,1
192,3,43,"2",6,5,4,0,"Climate",1
193,1,55,"5",1,6,1,0,NA,1
193,2,55,"5",1,6,5,0,NA,1
193,3,55,"5",1,7,0,0,"Climate",0
194,1,18,"3",4,10,2,0,"Racial Justice",1
194,2,18,"3",4,7,0,0,NA,1
194,3,18,"3",4,4,1,1,"Climate",1
195,1,37,"5",1,4,4,0,NA,1
195,2,37,"5",1,4,3,1,NA,1
195,3,37,"5",1,4,0,1,NA,1
196,1,46,"2",3,3,2,0,"Economy",1
196,2,46,"2",3,4,2,1,"Racial Justice",1
196,3,46,"2",3,5,3,0,NA,1
197,1,76,"1",3,5,1,1,"Racial Justice",0
197,2,76,"1",3,4,5,0,"Racial Justice",1
197,3,76,"1",3,5,3,0,"Climate",0
198,1,31,"3",4,6,5,0,NA,1
198,2,31,"3",4,6,2,0,NA,1
198,3,31,"3",4,8,5,0,"Racial Justice",1
199,1,35,"2",5,3,4,0,NA,1
199,2,35,"2",5,4,2,0,"Economy",0
199,3,35,"2",5,3,3,0,"Economy",1
200,1,34,"5",5,6,0,0,"Climate",1
200,2,34,"5",5,5,1,1,NA,0
200,3,34,"5",5,5,1,0,"Climate",1
201,1,69,"4",7,5,3,0,"Climate",0
201,2,69,"4",7,6,3,0,NA,0
201,3,69,"4",7,4,4,1,NA,1
202,1,54,"1",7,7,1,1,NA,0
202,2,54,"1",7,1,4,0,"Abortion",1
202,3,54,"1",7,4,4,1,"Climate",0
203,1,32,"3",7,3,1,0,"Climate",1
203,2,32,"3",7,3,3,0,NA,1
203,3,32,"3",7,4,1,0,"Abortion",0
204,1,62,"2",7,4,1,0,NA,0
204,2,62,"2",7,0,2,0,"Economy",1
204,3,62,"2",7,7,0,0,"Economy",1
205,1,67,"4",1,2,0,1,"Climate",1
205,2,67,"4",1,7,2,0,"Economy",1
205,3,67,"4",1,5,5,0,"Racial Justice",1
206,1,53,"3",1,2,4,1,"Abortion",1
206,2,53,"3",1,8,0,0,NA,1
206,3,53,"3",1,5,0,0,"Racial Justice",1
207,1,50,"3",2,8,2,0,"Climate",0
207,2,50,"3",2,3,3,0,NA,1
207,3,50,"3",2,2,2,1,"Climate",1
208,1,30,"1",6,8,5,1,NA,1
208,2,30,"1",6,4,0,1,NA,1
208,3,30,"1",6,4,0,1,NA,1
209,1,39,"1",4,1,0,0,"Climate",1
209,2,39,"1",4,0,0,0,"Racial Justice",0
209,3,39,"1",4,1,3,1,"Economy",1
210,1,74,"5",3,4,5,0,"Climate",1
210,2,74,"5",3,4,1,0,NA,1
210,3,74,"5",3,6,1,0,NA,1
211,1,64,"1",3,6,5,0,"Climate",0
211,2,64,"1",3,5,5,0,NA,1
211,3,64,"1",3,7,1,0,"Abortion",1
212,1,31,"5",6,5,5,1,"Economy",1
212,2,31,"5",6,3,4,0,"Economy",0
212,3,31,"5",6,6,3,0,NA,1
213,1,33,"1",1,4,1,1,NA,1
213,2,33,"1",1,4,5,0,NA,1
213,3,33,"1",1,6,0,0,NA,0
214,1,37,"1",4,5,3,0,"Climate",0
214,2,37,"1",4,7,2,0,NA,1
214,3,37,"1",4,5,3,0,"Racial Justice",1
215,1,37,"4",3,7,5,0,NA,0
215,2,37,"4",3,5,0,0,"Climate",1
215,3,37,"4",3,7,4,0,"Racial Justice",1
216,1,55,"3",3,3,1,0,"Abortion",1
216,2,55,"3",3,6,3,0,"Racial Justice",1
216,3,55,"3",3,1,5,0,"Racial Justice",1
217,1,80,"1",3,2,2,1,NA,1
217,2,80,"1",3,5,3,0,"Economy",1
217,3,80,"1",3,1,0,0,NA,1
218,1,60,"3",3,5,5,0,"Abortion",1
218,2,60,"3",3,5,2,0,NA,1
218,3,60,"3",3,4,5,1,NA,1
219,1,42,"1",7,1,2,0,NA,0
219,2,42,"1",7,4,3,0,NA,1
219,3,42,"1",7,4,2,0,"Racial Justice",0
220,1,44,"4",5,5,5,0,NA,1
220,2,44,"4",5,5,0,0,NA,1
220,3,44,"4",5,5,4,0,NA,0
221,1,56,"1",7,4,0,0,NA,0
221,2,56,"1",7,7,1,0,NA,1
221,3,56,"1",7,4,0,0,"Abortion",1
222,1,65,"1",6,8,4,0,"Climate",1
222,2,65,"1",6,5,0,1,"Economy",1
222,3,65,"1",6,3,0,0,NA,1
223,1,58,"4",2,2,1,0,"Racial Justice",0
223,2,58,"4",2,3,0,0,NA,0
223,3,58,"4",2,4,3,1,"Economy",1
224,1,30,"1",1,6,1,0,NA,1
224,2,30,"1",1,5,2,0,"Climate",1
224,3,30,"1",1,6,4,0,"Climate",1
225,1,74,"4",5,8,5,0,"Climate",1
225,2,74,"4",5,2,0,1,NA,1
225,3,74,"4",5,7,0,0,"Abortion",0
226,1,52,"1",1,6,3,0,NA,1
226,2,52,"1",1,4,2,1,NA,1
226,3,52,"1",1,5,2,0,NA,1
227,1,52,"5",5,7,2,0,NA,1
227,2,52,"5",5,1,0,0,"Racial Justice",0
227,3,52,"5",5,1,3,0,"Economy",0
228,1,72,"5",3,3,5,1,NA,1
228,2,72,"5",3,5,4,0,NA,0
228,3,72,"5",3,7,3,0,"Climate",1
229,1,54,"3",1,7,2,0,"Abortion",0
229,2,54,"3",1,7,4,0,"Economy",1
229,3,54,"3",1,4,0,0,"Climate",1
230,1,65,"2",5,5,3,0,NA,1
230,2,65,"2",5,5,4,1,"Abortion",1
230,3,65,"2",5,6,5,1,"Racial Justice",0
231,1,48,"1",7,5,4,0,"Economy",0
231,2,48,"1",7,5,4,1,NA,1
231,3,48,"1",7,5,4,0,NA,1
232,1,35,"3",5,1,3,0,NA,1
232,2,35,"3",5,4,4,1,NA,1
232,3,35,"3",5,2,4,0,NA,0
233,1,31,"1",6,2,0,0,NA,0
233,2,31,"1",6,5,4,0,NA,1
233,3,31,"1",6,6,3,0,NA,0
234,1,37,"1",6,6,5,0,NA,0
234,2,37,"1",6,3,4,1,"Racial Justice",1
234,3,37,"1",6,4,3,0,NA,1
235,1,32,"5",2,4,0,1,NA,1
235,2,32,"5",2,5,5,0,NA,1
235,3,32,"5",2,5,1,1,"Climate",1
236,1,38,"3",3,4,1,1,"Economy",1
236,2,38,"3",3,4,1,0,"Racial Justice",1
236,3,38,"3",3,10,3,0,NA,1
237,1,64,"1",5,5,1,0,"Climate",1
237,2,64,"1",5,6,5,0,NA,0
237,3,64,"1",5,3,5,0,"Racial Justice",0
238,1,59,"3",1,2,4,0,"Economy",1
238,2,59,"3",1,5,0,0,NA,1
238,3,59,"3",1,5,4,1,NA,0
239,1,50,"5",5,4,5,1,"Abortion",1
239,2,50,"5",5,7,2,0,"Racial Justice",1
239,3,50,"5",5,4,0,0,NA,1
240,1,34,"2",1,4,3,1,NA,1
240,2,34,"2",1,5,0,0,NA,0
240,3,34,"2",1,4,0,1,"Abortion",0
241,1,79,"1",5,5,2,0,NA,1
241,2,79,"1",5,4,4,0,NA,0
241,3,79,"1",5,6,5,0,"Economy",1
242,1,54,"4",3,4,5,0,NA,1
242,2,54,"4",3,7,3,0,"Racial Justice",1
242,3,54,"4",3,4,4,0,"Racial Justice",0
243,1,53,"5",6,3,2,1,NA,1
243,2,53,"5",6,8,4,0,NA,1
243,3,53,"5",6,5,4,0,NA,1
244,1,43,"1",3,7,2,0,NA,0
244,2,43,"1",3,6,1,0,"Racial Justice",0
244,3,43,"1",3,1,0,0,NA,0
245,1,18,"3",3,4,3,0,NA,1
245,2,18,"3",3,0,1,0,"Economy",1
245,3,18,"3",3,8,3,0,NA,1
246,1,65,"2",6,3,2,0,"Abortion",1
246,2,65,"2",6,5,4,0,NA,1
246,3,65,"2",6,6,1,1,NA,0
247,1,56,"3",1,8,5,0,"Abortion",0
247,2,56,"3",1,7,5,0,"Abortion",1
247,3,56,"3",1,5,0,0,"Racial Justice",1
248,1,59,"4",7,3,1,0,NA,1
248,2,59,"4",7,0,2,0,NA,1
248,3,59,"4",7,7,2,1,NA,0
249,1,62,"4",4,5,5,0,NA,1
249,2,62,"4",4,3,1,1,NA,0
249,3,62,"4",4,5,0,1,NA,1
250,1,44,"4",2,8,4,0,"Economy",0
250,2,44,"4",2,6,0,0,"Abortion",0
250,3,44,"4",2,6,3,0,NA,1
251,1,45,"5",6,6,3,0,NA,1
251,2,45,"5",6,2,1,0,"Climate",1
251,3,45,"5",6,7,3,0,NA,1
252,1,36,"3",2,4,3,0,NA,1
252,2,36,"3",2,5,0,0,"Racial Justice",1
252,3,36,"3",2,4,0,0,NA,0
253,1,64,"3",3,4,4,1,NA,1
253,2,64,"3",3,4,1,0,NA,0
253,3,64,"3",3,8,3,1,"Climate",1
254,1,26,"2",1,6,0,1,NA,1
254,2,26,"2",1,1,3,0,"Climate",1
254,3,26,"2",1,7,2,0,NA,0
255,1,37,"4",4,7,5,0,NA,0
255,2,37,"4",4,6,4,0,NA,1
255,3,37,"4",4,7,1,0,"Climate",1
256,1,71,"4",4,6,2,0,NA,1
256,2,71,"4",4,4,1,0,NA,1
256,3,71,"4",4,4,0,1,NA,1
257,1,63,"5",7,4,2,0,"Abortion",1
257,2,63,"5",7,5,2,0,"Climate",1
257,3,63,"5",7,5,5,1,"Racial Justice",1
258,1,34,"3",5,5,1,0,NA,1
258,2,34,"3",5,5,0,0,NA,1
258,3,34,"3",5,5,2,1,NA,1
259,1,73,"3",7,6,5,1,"Racial Justice",1
259,2,73,"3",7,6,1,0,NA,0
259,3,73,"3",7,3,0,1,"Climate",1
260,1,65,"5",7,4,0,0,NA,1
260,2,65,"5",7,3,1,0,"Economy",0
260,3,65,"5",7,7,3,0,NA,1
261,1,26,"3",3,5,0,0,"Racial Justice",1
261,2,26,"3",3,2,5,0,NA,1
261,3,26,"3",3,8,0,0,"Climate",1
262,1,40,"4",6,4,5,0,"Economy",1
262,2,40,"4",6,1,1,0,NA,1
262,3,40,"4",6,3,4,1,NA,1
263,1,56,"1",3,7,3,0,"Climate",0
263,2,56,"1",3,4,5,1,"Economy",0
263,3,56,"1",3,3,3,0,NA,0
264,1,66,"1",5,3,0,0,"Abortion",1
264,2,66,"1",5,7,3,1,NA,1
264,3,66,"1",5,4,5,0,"Abortion",1
265,1,40,"1",6,4,5,1,NA,1
265,2,40,"1",6,5,2,0,"Climate",1
265,3,40,"1",6,4,1,0,NA,0
266,1,60,"1",7,7,1,0,NA,1
266,2,60,"1",7,4,4,0,"Racial Justice",0
266,3,60,"1",7,6,4,0,"Racial Justice",1
267,1,18,"2",7,6,3,0,NA,0
267,2,18,"2",7,5,1,0,NA,1
267,3,18,"2",7,6,4,0,"Economy",1
268,1,44,"5",7,7,2,0,"Economy",1
268,2,44,"5",7,4,2,0,"Climate",0
268,3,44,"5",7,6,2,0,NA,0
269,1,49,"2",6,3,1,1,"Economy",0
269,2,49,"2",6,6,3,0,"Racial Justice",1
269,3,49,"2",6,5,1,0,NA,1
270,1,50,"5",1,8,3,0,NA,0
270,2,50,"5",1,5,3,0,"Economy",1
270,3,50,"5",1,5,0,0,"Abortion",0
271,1,64,"3",5,9,0,0,"Racial Justice",1
271,2,64,"3",5,5,4,0,"Abortion",1
271,3,64,"3",5,4,4,0,NA,1
272,1,53,"5",7,5,3,0,NA,1
272,2,53,"5",7,10,1,1,NA,1
272,3,53,"5",7,3,3,0,"Abortion",1
273,1,47,"1",1,5,0,0,NA,1
273,2,47,"1",1,4,4,0,NA,1
273,3,47,"1",1,2,4,0,"Abortion",1
274,1,65,"2",3,6,1,0,NA,1
274,2,65,"2",3,6,5,0,"Climate",1
274,3,65,"2",3,6,2,1,NA,0
275,1,74,"1",4,7,2,0,NA,0
275,2,74,"1",4,6,1,0,NA,1
275,3,74,"1",4,5,1,0,"Climate",1
276,1,65,"4",4,6,5,0,NA,1
276,2,65,"4",4,6,0,0,NA,1
276,3,65,"4",4,5,5,0,NA,1
277,1,37,"5",3,8,0,1,"Abortion",1
277,2,37,"5",3,6,0,0,NA,1
277,3,37,"5",3,6,5,0,NA,1
278,1,79,"1",7,7,2,0,NA,1
278,2,79,"1",7,8,0,0,"Climate",1
278,3,79,"1",7,7,1,0,NA,1
279,1,23,"3",5,4,4,0,NA,1
279,2,23,"3",5,5,5,0,NA,1
279,3,23,"3",5,3,0,0,NA,1
280,1,73,"2",7,6,1,0,NA,1
280,2,73,"2",7,2,0,0,NA,1
280,3,73,"2",7,2,2,0,NA,0
281,1,76,"2",5,7,4,1,"Racial Justice",0
281,2,76,"2",5,8,3,1,"Economy",1
281,3,76,"2",5,8,5,0,NA,1
282,1,63,"1",5,8,0,0,NA,1
282,2,63,"1",5,5,0,0,NA,0
282,3,63,"1",5,6,0,0,"Climate",0
283,1,51,"2",2,7,1,0,NA,1
283,2,51,"2",2,4,1,0,"Economy",1
283,3,51,"2",2,4,4,0,"Racial Justice",1
284,1,26,"5",5,4,0,0,"Climate",0
284,2,26,"5",5,10,0,1,NA,0
284,3,26,"5",5,5,3,0,NA,0
285,1,18,"3",7,4,2,0,"Abortion",0
285,2,18,"3",7,5,3,0,NA,0
285,3,18,"3",7,7,4,0,"Climate",1
286,1,53,"1",3,0,1,1,NA,1
286,2,53,"1",3,4,1,0,"Climate",0
286,3,53,"1",3,2,5,0,"Abortion",1
287,1,70,"4",6,4,4,1,NA,0
287,2,70,"4",6,2,5,0,"Racial Justice",0
287,3,70,"4",6,3,4,0,"Racial Justice",0
288,1,67,"3",3,7,4,0,NA,1
288,2,67,"3",3,5,3,1,"Racial Justice",1
288,3,67,"3",3,8,4,0,"Racial Justice",0
289,1,74,"1",2,7,2,0,"Racial Justice",1
289,2,74,"1",2,2,1,1,NA,1
289,3,74,"1",2,5,2,0,"Racial Justice",0
290,1,67,"1",2,7,5,0,"Racial Justice",1
290,2,67,"1",2,4,3,1,"Abortion",0
290,3,67,"1",2,4,0,0,NA,0
291,1,47,"2",3,3,5,0,"Economy",1
291,2,47,"2",3,4,5,0,"Abortion",1
291,3,47,"2",3,8,5,0,"Abortion",1
292,1,25,"3",6,7,4,0,NA,1
292,2,25,"3",6,1,0,0,NA,0
292,3,25,"3",6,5,1,0,"Climate",1
293,1,38,"1",1,4,4,0,"Economy",1
293,2,38,"1",1,5,2,0,"Racial Justice",1
293,3,38,"1",1,5,3,0,"Racial Justice",0
294,1,47,"3",3,5,0,0,"Racial Justice",1
294,2,47,"3",3,6,2,0,NA,1
294,3,47,"3",3,5,4,0,NA,1
295,1,33,"3",1,3,4,0,"Racial Justice",0
295,2,33,"3",1,4,5,0,"Climate",1
295,3,33,"3",1,4,1,0,"Racial Justice",0
296,1,34,"1",3,9,1,1,"Climate",1
296,2,34,"1",3,3,2,1,NA,1
296,3,34,"1",3,4,4,0,NA,1
297,1,21,"2",3,3,1,0,NA,1
297,2,21,"2",3,5,2,1,"Racial Justice",1
297,3,21,"2",3,10,2,0,NA,1
298,1,64,"4",1,6,1,1,"Abortion",1
298,2,64,"4",1,6,1,0,NA,1
298,3,64,"4",1,7,1,0,"Abortion",1
299,1,58,"4",2,4,3,1,NA,1
299,2,58,"4",2,5,2,0,"Climate",1
299,3,58,"4",2,4,2,1,"Racial Justice",1
300,1,43,"5",7,7,1,0,NA,1
300,2,43,"5",7,5,2,0,NA,1
300,3,43,"5",7,4,1,0,"Abortion",1
301,1,55,"3",2,7,1,1,NA,1
301,2,55,"3",2,4,4,0,NA,1
301,3,55,"3",2,5,3,0,NA,1
302,1,29,"1",6,7,5,0,"Racial Justice",0
302,2,29,"1",6,8,1,0,"Economy",1
302,3,29,"1",6,7,0,0,"Racial Justice",0
303,1,54,"4",7,7,1,1,NA,0
303,2,54,"4",7,1,0,0,NA,1
303,3,54,"4",7,5,1,0,NA,1
304,1,46,"3",2,5,5,1,NA,1
304,2,46,"3",2,3,4,0,"Climate",1
304,3,46,"3",2,7,0,0,NA,1
305,1,22,"3",3,0,5,0,NA,0
305,2,22,"3",3,4,1,0,"Abortion",0
305,3,22,"3",3,3,1,0,"Abortion",1
306,1,56,"1",2,5,4,0,NA,1
306,2,56,"1",2,6,1,0,"Climate",1
306,3,56,"1",2,3,1,1,NA,0
307,1,37,"2",2,6,4,1,NA,1
307,2,37,"2",2,2,0,1,NA,1
307,3,37,"2",2,3,5,1,"Economy",1
308,1,80,"3",6,5,3,1,NA,1
308,2,80,"3",6,2,5,0,"Racial Justice",1
308,3,80,"3",6,6,2,1,NA,1
309,1,19,"3",6,4,4,0,"Climate",1
309,2,19,"3",6,1,1,1,"Climate",1
309,3,19,"3",6,8,0,1,"Climate",1
310,1,70,"3",5,6,0,0,"Racial Justice",1
310,2,70,"3",5,3,4,0,NA,1
310,3,70,"3",5,5,5,0,"Racial Justice",1
311,1,49,"3",7,4,5,0,"Economy",1
311,2,49,"3",7,4,2,0,"Abortion",1
311,3,49,"3",7,5,3,0,"Climate",1
312,1,68,"3",2,7,4,0,"Racial Justice",1
312,2,68,"3",2,7,0,0,"Climate",1
312,3,68,"3",2,1,4,0,NA,1
313,1,59,"2",5,6,1,1,NA,1
313,2,59,"2",5,3,0,0,"Abortion",1
313,3,59,"2",5,5,3,0,NA,1
314,1,33,"3",2,2,3,1,"Racial Justice",1
314,2,33,"3",2,6,2,0,"Racial Justice",0
314,3,33,"3",2,4,1,0,NA,1
315,1,68,"1",5,3,0,0,"Climate",1
315,2,68,"1",5,7,4,0,NA,0
315,3,68,"1",5,5,0,0,"Economy",1
316,1,40,"3",4,6,5,0,NA,1
316,2,40,"3",4,6,1,0,NA,1
316,3,40,"3",4,9,4,0,"Racial Justice",1
317,1,47,"1",6,7,1,0,"Climate",0
317,2,47,"1",6,5,0,1,"Climate",0
317,3,47,"1",6,3,4,0,NA,0
318,1,18,"3",7,2,1,1,NA,1
318,2,18,"3",7,8,1,0,"Climate",1
318,3,18,"3",7,5,5,0,"Racial Justice",0
319,1,75,"2",4,5,3,0,"Abortion",1
319,2,75,"2",4,0,2,1,"Economy",1
319,3,75,"2",4,5,0,1,NA,1
320,1,75,"5",1,5,2,0,NA,1
320,2,75,"5",1,1,1,0,NA,1
320,3,75,"5",1,4,2,0,"Climate",1
321,1,76,"3",5,7,4,0,"Racial Justice",0
321,2,76,"3",5,7,5,0,"Economy",1
321,3,76,"3",5,6,0,1,NA,1
322,1,46,"1",7,4,2,1,"Climate",0
322,2,46,"1",7,6,0,1,"Abortion",1
322,3,46,"1",7,4,3,0,NA,1
323,1,48,"5",2,5,0,0,NA,1
323,2,48,"5",2,2,2,0,NA,1
323,3,48,"5",2,7,2,0,"Racial Justice",1
324,1,19,"3",6,8,3,0,"Climate",0
324,2,19,"3",6,6,2,1,"Climate",1
324,3,19,"3",6,4,2,0,"Economy",1
325,1,33,"5",5,8,3,0,"Climate",1
325,2,33,"5",5,4,1,0,"Climate",1
325,3,33,"5",5,7,1,0,"Racial Justice",1
326,1,44,"4",7,6,0,1,"Climate",1
326,2,44,"4",7,8,1,0,NA,1
326,3,44,"4",7,3,0,0,"Climate",1
327,1,34,"3",4,5,5,0,"Climate",1
327,2,34,"3",4,5,3,0,"Economy",1
327,3,34,"3",4,8,1,0,NA,1
328,1,48,"3",6,1,0,0,NA,0
328,2,48,"3",6,5,4,0,NA,1
328,3,48,"3",6,4,5,0,"Economy",0
329,1,67,"5",4,3,0,0,NA,1
329,2,67,"5",4,8,2,0,"Economy",1
329,3,67,"5",4,3,0,0,"Economy",1
330,1,79,"4",7,3,1,0,"Climate",0
330,2,79,"4",7,3,5,0,NA,1
330,3,79,"4",7,6,1,0,"Racial Justice",0
331,1,63,"1",2,1,4,0,NA,0
331,2,63,"1",2,4,0,1,"Racial Justice",1
331,3,63,"1",2,5,2,0,"Racial Justice",1
332,1,40,"4",3,7,5,0,NA,0
332,2,40,"4",3,6,1,0,NA,1
332,3,40,"4",3,4,3,1,NA,1
333,1,79,"4",2,7,0,0,"Climate",0
333,2,79,"4",2,4,5,0,"Racial Justice",1
333,3,79,"4",2,5,3,1,"Climate",1
334,1,62,"5",3,3,3,1,"Economy",0
334,2,62,"5",3,5,5,1,NA,1
334,3,62,"5",3,2,1,0,"Racial Justice",0
335,1,75,"5",4,3,2,0,"Economy",1
335,2,75,"5",4,6,3,0,"Economy",1
335,3,75,"5",4,7,3,1,NA,1
336,1,45,"5",6,5,4,0,"Climate",0
336,2,45,"5",6,8,0,0,"Racial Justice",0
336,3,45,"5",6,3,4,0,"Racial Justice",1
337,1,80,"4",5,8,2,1,"Economy",1
337,2,80,"4",5,2,2,0,NA,0
337,3,80,"4",5,6,5,0,"Climate",0
338,1,34,"5",3,6,4,0,NA,1
338,2,34,"5",3,3,3,0,"Racial Justice",1
338,3,34,"5",3,2,2,0,NA,0
339,1,58,"1",6,3,1,1,NA,1
339,2,58,"1",6,3,3,1,"Abortion",1
339,3,58,"1",6,6,1,1,NA,0
340,1,64,"4",4,3,0,0,"Racial Justice",1
340,2,64,"4",4,4,4,0,"Racial Justice",1
340,3,64,"4",4,4,3,0,NA,1
341,1,72,"3",2,7,1,0,"Racial Justice",1
341,2,72,"3",2,10,4,0,"Economy",1
341,3,72,"3",2,7,5,0,NA,1
342,1,74,"5",1,2,2,0,"Economy",1
342,2,74,"5",1,5,3,0,"Climate",0
342,3,74,"5",1,5,2,0,"Racial Justice",1
343,1,57,"4",7,6,1,1,"Climate",1
343,2,57,"4",7,4,4,0,"Economy",1
343,3,57,"4",7,4,0,0,NA,0
344,1,45,"5",4,5,4,1,NA,1
344,2,45,"5",4,6,1,0,NA,1
344,3,45,"5",4,7,1,1,NA,1
345,1,35,"1",3,6,5,0,NA,1
345,2,35,"1",3,5,4,0,NA,0
345,3,35,"1",3,7,0,0,"Economy",0
346,1,70,"3",3,3,1,0,NA,0
346,2,70,"3",3,4,3,0,"Abortion",1
346,3,70,"3",3,9,5,0,NA,0
347,1,58,"2",5,5,4,1,NA,1
347,2,58,"2",5,4,1,0,NA,1
347,3,58,"2",5,6,0,0,"Economy",1
348,1,73,"5",4,4,3,0,NA,1
348,2,73,"5",4,3,3,0,NA,1
348,3,73,"5",4,6,1,1,"Climate",1
349,1,64,"5",1,7,2,0,NA,1
349,2,64,"5",1,6,0,1,"Climate",0
349,3,64,"5",1,5,4,1,NA,0
350,1,36,"4",1,7,2,0,"Racial Justice",0
350,2,36,"4",1,6,3,0,"Abortion",1
350,3,36,"4",1,8,5,0,"Climate",1
351,1,42,"1",3,9,1,0,"Climate",1
351,2,42,"1",3,5,3,0,NA,0
351,3,42,"1",3,8,5,0,"Economy",0
352,1,42,"2",5,5,0,0,NA,0
352,2,42,"2",5,5,5,0,"Economy",1
352,3,42,"2",5,3,1,0,NA,1
353,1,35,"5",3,6,1,0,NA,1
353,2,35,"5",3,8,5,0,"Economy",1
353,3,35,"5",3,6,4,0,"Racial Justice",1
354,1,25,"3",7,3,5,1,NA,1
354,2,25,"3",7,3,5,0,"Economy",1
354,3,25,"3",7,6,4,0,NA,1
355,1,67,"3",2,6,0,0,NA,1
355,2,67,"3",2,3,1,0,NA,1
355,3,67,"3",2,6,3,0,"Racial Justice",0
356,1,68,"5",5,2,5,0,"Racial Justice",1
356,2,68,"5",5,3,3,0,"Abortion",1
356,3,68,"5",5,4,1,1,"Climate",0
357,1,55,"2",2,6,4,1,"Abortion",0
357,2,55,"2",2,3,5,0,"Racial Justice",0
357,3,55,"2",2,5,2,1,"Racial Justice",1
358,1,66,"4",1,3,3,0,NA,1
358,2,66,"4",1,4,2,0,NA,1
358,3,66,"4",1,3,4,0,NA,1
359,1,18,"2",2,4,0,0,"Racial Justice",1
359,2,18,"2",2,3,4,0,NA,1
359,3,18,"2",2,4,2,0,NA,0
360,1,48,"2",7,6,0,0,"Economy",1
360,2,48,"2",7,4,1,0,"Climate",1
360,3,48,"2",7,6,1,1,NA,1
361,1,26,"4",4,2,1,0,"Racial Justice",1
361,2,26,"4",4,8,1,1,"Racial Justice",1
361,3,26,"4",4,9,4,0,NA,1
362,1,70,"3",1,3,2,0,NA,1
362,2,70,"3",1,6,5,1,NA,0
362,3,70,"3",1,4,1,0,NA,1
363,1,54,"4",2,10,3,1,NA,1
363,2,54,"4",2,5,4,0,"Racial Justice",0
363,3,54,"4",2,5,5,1,NA,0
364,1,69,"1",1,5,1,0,"Climate",0
364,2,69,"1",1,3,1,1,"Climate",0
364,3,69,"1",1,7,5,0,"Climate",1
365,1,60,"1",7,3,2,0,"Racial Justice",0
365,2,60,"1",7,5,3,0,"Racial Justice",0
365,3,60,"1",7,5,2,0,NA,1
366,1,20,"1",2,8,5,1,NA,0
366,2,20,"1",2,5,1,1,NA,1
366,3,20,"1",2,7,4,0,"Abortion",1
367,1,39,"5",7,7,4,0,"Economy",1
367,2,39,"5",7,0,1,0,NA,0
367,3,39,"5",7,9,2,0,NA,0
368,1,37,"5",6,8,1,1,NA,1
368,2,37,"5",6,4,2,0,NA,0
368,3,37,"5",6,4,2,1,NA,1
369,1,28,"2",4,4,1,0,NA,1
369,2,28,"2",4,6,5,1,NA,1
369,3,28,"2",4,4,5,0,NA,1
370,1,49,"2",5,4,4,1,"Economy",1
370,2,49,"2",5,3,2,1,NA,1
370,3,49,"2",5,3,0,0,NA,0
371,1,52,"4",6,7,1,0,"Climate",1
371,2,52,"4",6,4,3,1,"Racial Justice",1
371,3,52,"4",6,4,1,1,"Climate",1
372,1,52,"2",2,3,3,0,NA,0
372,2,52,"2",2,8,4,1,"Climate",1
372,3,52,"2",2,7,2,0,NA,0
373,1,46,"4",6,3,5,0,"Climate",1
373,2,46,"4",6,1,2,0,"Economy",1
373,3,46,"4",6,5,5,0,NA,1
374,1,36,"3",2,6,2,0,"Economy",1
374,2,36,"3",2,5,4,0,NA,1
374,3,36,"3",2,5,0,1,NA,1
375,1,68,"4",2,6,1,0,NA,1
375,2,68,"4",2,4,1,1,"Racial Justice",1
375,3,68,"4",2,6,0,1,NA,1
376,1,42,"4",2,4,1,0,NA,1
376,2,42,"4",2,3,0,0,"Climate",0
376,3,42,"4",2,5,0,1,NA,0
377,1,70,"2",7,5,2,0,NA,1
377,2,70,"2",7,7,0,1,"Climate",1
377,3,70,"2",7,8,0,1,"Racial Justice",0
378,1,44,"2",3,4,2,0,NA,1
378,2,44,"2",3,2,3,0,NA,1
378,3,44,"2",3,6,3,0,"Climate",0
379,1,65,"4",5,5,0,0,NA,1
379,2,65,"4",5,5,4,0,NA,0
379,3,65,"4",5,6,1,0,NA,1
380,1,67,"5",1,8,3,0,NA,0
380,2,67,"5",1,7,0,0,NA,1
380,3,67,"5",1,6,4,0,NA,1
381,1,42,"5",2,5,0,0,NA,1
381,2,42,"5",2,5,4,0,NA,1
381,3,42,"5",2,3,2,1,NA,1
382,1,52,"2",4,4,0,0,"Racial Justice",0
382,2,52,"2",4,7,4,0,NA,1
382,3,52,"2",4,3,2,0,NA,0
383,1,35,"3",6,9,3,0,"Economy",1
383,2,35,"3",6,4,3,0,"Racial Justice",1
383,3,35,"3",6,4,2,0,"Racial Justice",0
384,1,71,"2",5,3,4,1,NA,1
384,2,71,"2",5,5,2,0,"Racial Justice",0
384,3,71,"2",5,5,3,0,"Climate",1
385,1,56,"1",5,5,5,0,NA,1
385,2,56,"1",5,10,0,1,NA,0
385,3,56,"1",5,4,4,0,"Climate",1
386,1,26,"4",7,9,3,0,NA,0
386,2,26,"4",7,7,5,0,NA,1
386,3,26,"4",7,4,3,0,"Racial Justice",0
387,1,45,"2",1,5,4,0,NA,1
387,2,45,"2",1,6,5,0,NA,0
387,3,45,"2",1,6,2,0,NA,0
388,1,19,"4",1,5,2,0,NA,1
388,2,19,"4",1,6,0,0,NA,1
388,3,19,"4",1,2,2,0,"Abortion",1
389,1,28,"1",2,9,4,0,"Climate",0
389,2,28,"1",2,6,4,0,NA,1
389,3,28,"1",2,5,1,1,NA,0
390,1,79,"1",4,6,5,0,NA,1
390,2,79,"1",4,4,3,0,NA,1
390,3,79,"1",4,9,2,0,"Racial Justice",0
391,1,66,"5",6,6,1,0,"Abortion",1
391,2,66,"5",6,5,2,0,"Racial Justice",1
391,3,66,"5",6,5,5,1,"Economy",0
392,1,62,"2",4,7,5,0,"Climate",0
392,2,62,"2",4,5,3,1,"Abortion",1
392,3,62,"2",4,2,3,0,"Abortion",1
393,1,40,"4",3,6,0,0,"Economy",0
393,2,40,"4",3,8,5,0,NA,0
393,3,40,"4",3,6,0,0,"Climate",0
394,1,46,"4",3,5,2,1,NA,0
394,2,46,"4",3,6,4,0,NA,1
394,3,46,"4",3,6,5,0,"Climate",1
395,1,73,"1",1,6,5,0,NA,1
395,2,73,"1",1,5,5,1,NA,0
395,3,73,"1",1,3,0,0,NA,0
396,1,76,"3",5,7,2,0,"Climate",1
396,2,76,"3",5,5,0,0,"Racial Justice",1
396,3,76,"3",5,4,3,0,NA,0
397,1,19,"1",6,3,5,0,NA,1
397,2,19,"1",6,6,5,0,"Climate",0
397,3,19,"1",6,6,3,0,"Abortion",1
398,1,33,"3",7,6,0,0,"Economy",1
398,2,33,"3",7,5,4,0,NA,1
398,3,33,"3",7,4,5,0,"Climate",1
399,1,18,"3",3,5,1,0,NA,1
399,2,18,"3",3,3,5,0,"Climate",1
399,3,18,"3",3,5,5,0,NA,1
400,1,61,"2",4,6,1,0,NA,1
400,2,61,"2",4,6,0,0,NA,0
400,3,61,"2",4,9,1,0,NA,1
401,1,58,"1",7,4,2,0,NA,1
401,2,58,"1",7,6,0,1,"Abortion",0
401,3,58,"1",7,5,4,0,"Racial Justice",0
402,1,21,"5",5,5,2,0,NA,1
402,2,21,"5",5,4,5,1,NA,1
402,3,21,"5",5,5,5,0,"Economy",1
403,1,39,"5",3,6,4,0,NA,1
403,2,39,"5",3,6,4,1,"Abortion",1
403,3,39,"5",3,2,1,0,"Racial Justice",1
404,1,24,"1",3,6,2,0,NA,0
404,2,24,"1",3,6,5,0,"Economy",0
404,3,24,"1",3,4,5,0,NA,0
405,1,21,"5",6,5,1,0,"Climate",0
405,2,21,"5",6,6,0,1,"Racial Justice",1
405,3,21,"5",6,7,1,0,NA,1
406,1,72,"2",3,6,5,1,"Climate",1
406,2,72,"2",3,5,2,0,NA,1
406,3,72,"2",3,4,3,0,NA,1
407,1,37,"1",2,4,2,0,NA,0
407,2,37,"1",2,8,3,0,"Climate",1
407,3,37,"1",2,5,5,0,NA,0
408,1,40,"3",2,3,3,0,"Racial Justice",1
408,2,40,"3",2,5,0,0,"Climate",1
408,3,40,"3",2,7,1,1,NA,1
409,1,60,"3",4,5,5,0,"Climate",1
409,2,60,"3",4,6,2,0,"Abortion",1
409,3,60,"3",4,6,3,0,NA,0
410,1,25,"3",3,5,4,0,NA,1
410,2,25,"3",3,6,1,0,NA,1
410,3,25,"3",3,5,5,0,"Economy",1
411,1,68,"3",3,5,0,0,NA,1
411,2,68,"3",3,2,2,0,NA,0
411,3,68,"3",3,3,4,1,"Climate",1
412,1,70,"2",5,6,0,0,"Racial Justice",0
412,2,70,"2",5,8,4,1,NA,0
412,3,70,"2",5,6,1,0,"Climate",1
413,1,20,"5",3,7,1,0,"Racial Justice",1
413,2,20,"5",3,3,2,0,"Climate",0
413,3,20,"5",3,3,2,0,"Climate",1
414,1,36,"4",6,7,1,0,NA,1
414,2,36,"4",6,5,2,0,"Racial Justice",0
414,3,36,"4",6,5,5,1,NA,1
415,1,43,"3",5,4,0,0,"Abortion",0
415,2,43,"3",5,3,1,0,"Racial Justice",1
415,3,43,"3",5,6,0,0,NA,1
416,1,74,"4",6,5,2,0,"Climate",0
416,2,74,"4",6,6,1,0,"Racial Justice",1
416,3,74,"4",6,0,4,0,"Climate",1
417,1,30,"2",5,5,5,0,NA,1
417,2,30,"2",5,7,4,0,NA,0
417,3,30,"2",5,3,0,0,NA,1
418,1,56,"1",1,6,4,1,NA,1
418,2,56,"1",1,4,3,0,NA,0
418,3,56,"1",1,5,2,0,"Climate",1
419,1,40,"5",1,5,3,0,NA,1
419,2,40,"5",1,7,4,1,"Climate",0
419,3,40,"5",1,2,3,0,"Racial Justice",1
420,1,74,"3",4,9,3,0,"Racial Justice",1
420,2,74,"3",4,7,0,0,"Racial Justice",0
420,3,74,"3",4,3,5,0,"Climate",0
421,1,52,"1",3,5,5,0,"Economy",1
421,2,52,"1",3,2,4,0,NA,1
421,3,52,"1",3,4,2,0,"Racial Justice",1
422,1,75,"5",1,6,0,0,"Racial Justice",0
422,2,75,"5",1,8,5,0,"Economy",0
422,3,75,"5",1,4,4,0,NA,1
423,1,38,"2",2,5,3,0,"Racial Justice",1
423,2,38,"2",2,4,3,0,"Abortion",1
423,3,38,"2",2,5,1,0,"Racial Justice",0
424,1,35,"3",5,4,4,0,"Racial Justice",1
424,2,35,"3",5,3,4,1,"Abortion",1
424,3,35,"3",5,6,1,0,NA,1
425,1,40,"4",3,7,5,0,"Climate",1
425,2,40,"4",3,5,5,0,"Climate",0
425,3,40,"4",3,2,2,1,NA,0
426,1,26,"3",7,5,2,0,NA,1
426,2,26,"3",7,3,5,0,"Economy",1
426,3,26,"3",7,6,1,1,NA,0
427,1,33,"1",5,3,5,0,"Economy",1
427,2,33,"1",5,3,3,0,NA,1
427,3,33,"1",5,5,0,0,"Racial Justice",1
428,1,67,"5",1,5,5,0,"Climate",1
428,2,67,"5",1,7,1,1,"Economy",1
428,3,67,"5",1,1,2,1,"Climate",1
429,1,28,"3",4,6,1,0,NA,0
429,2,28,"3",4,4,1,0,"Abortion",1
429,3,28,"3",4,4,2,0,NA,1
430,1,40,"1",7,6,5,1,"Racial Justice",1
430,2,40,"1",7,2,1,0,"Climate",1
430,3,40,"1",7,4,4,0,NA,1
431,1,23,"1",6,2,2,0,NA,0
431,2,23,"1",6,8,5,0,NA,1
431,3,23,"1",6,8,3,0,NA,1
432,1,62,"3",3,5,4,1,NA,0
432,2,62,"3",3,5,5,0,NA,1
432,3,62,"3",3,6,4,0,NA,0
433,1,72,"3",5,3,4,0,NA,0
433,2,72,"3",5,5,5,0,"Abortion",1
433,3,72,"3",5,7,1,0,"Abortion",0
434,1,48,"1",1,6,4,0,NA,1
434,2,48,"1",1,1,2,0,NA,1
434,3,48,"1",1,4,3,0,NA,1
435,1,20,"5",4,5,5,0,"Racial Justice",0
435,2,20,"5",4,7,5,1,"Economy",1
435,3,20,"5",4,4,4,0,NA,0
436,1,24,"5",1,5,0,0,NA,1
436,2,24,"5",1,4,5,0,"Racial Justice",1
436,3,24,"5",1,2,3,0,NA,1
437,1,70,"2",4,4,3,0,"Economy",1
437,2,70,"2",4,5,0,0,"Climate",1
437,3,70,"2",4,4,4,1,NA,0
438,1,80,"2",2,6,5,0,"Racial Justice",1
438,2,80,"2",2,5,4,0,"Economy",0
438,3,80,"2",2,3,5,1,"Climate",1
439,1,61,"3",2,5,4,0,"Racial Justice",1
439,2,61,"3",2,4,3,0,"Climate",1
439,3,61,"3",2,7,0,1,NA,0
440,1,27,"2",6,5,3,0,"Climate",0
440,2,27,"2",6,6,5,0,"Abortion",1
440,3,27,"2",6,6,2,0,NA,1
441,1,77,"5",6,6,3,0,NA,1
441,2,77,"5",6,4,1,0,"Racial Justice",0
441,3,77,"5",6,6,4,0,"Economy",1
442,1,29,"1",6,4,4,1,"Racial Justice",0
442,2,29,"1",6,7,0,0,NA,1
442,3,29,"1",6,5,4,0,"Climate",0
443,1,58,"2",2,5,2,0,"Racial Justice",1
443,2,58,"2",2,2,0,1,"Racial Justice",1
443,3,58,"2",2,4,5,0,"Climate",1
444,1,33,"4",1,8,0,1,NA,0
444,2,33,"4",1,4,0,0,"Climate",1
444,3,33,"4",1,4,4,0,NA,1
445,1,43,"2",5,8,3,0,"Economy",1
445,2,43,"2",5,6,1,0,"Climate",1
445,3,43,"2",5,4,2,0,"Economy",0
446,1,49,"2",4,5,1,0,"Climate",1
446,2,49,"2",4,6,1,0,NA,1
446,3,49,"2",4,4,2,0,NA,1
447,1,71,"1",1,2,0,0,NA,1
447,2,71,"1",1,6,1,0,NA,1
447,3,71,"1",1,1,2,0,"Climate",1
448,1,67,"1",6,2,4,0,NA,1
448,2,67,"1",6,4,4,0,"Abortion",1
448,3,67,"1",6,6,3,0,NA,1
449,1,20,"1",6,3,1,0,NA,0
449,2,20,"1",6,4,1,0,"Climate",1
449,3,20,"1",6,7,5,0,"Climate",1
450,1,33,"5",3,3,4,0,"Economy",1
450,2,33,"5",3,5,0,0,NA,0
450,3,33,"5",3,4,4,0,NA,1
451,1,31,"1",6,7,2,0,"Abortion",0
451,2,31,"1",6,9,5,0,NA,0
451,3,31,"1",6,9,2,1,"Economy",1
452,1,77,"1",2,5,4,0,"Climate",0
452,2,77,"1",2,6,5,0,"Climate",0
452,3,77,"1",2,5,3,0,NA,1
453,1,43,"2",1,3,2,0,NA,0
453,2,43,"2",1,3,4,0,"Climate",1
453,3,43,"2",1,6,1,1,"Racial Justice",1
454,1,57,"3",2,6,4,0,NA,1
454,2,57,"3",2,7,0,0,NA,0
454,3,57,"3",2,2,1,0,NA,1
455,1,69,"3",5,5,2,0,NA,1
455,2,69,"3",5,4,0,0,NA,1
455,3,69,"3",5,9,2,0,"Racial Justice",1
456,1,34,"3",2,5,2,0,NA,1
456,2,34,"3",2,6,2,0,NA,0
456,3,34,"3",2,9,5,0,"Economy",1
457,1,58,"1",6,6,0,1,NA,1
457,2,58,"1",6,6,2,0,"Abortion",0
457,3,58,"1",6,7,1,1,"Climate",1
458,1,62,"4",3,5,2,0,NA,1
458,2,62,"4",3,5,2,0,"Abortion",1
458,3,62,"4",3,5,4,0,"Racial Justice",1
459,1,28,"4",1,6,1,0,"Abortion",1
459,2,28,"4",1,5,4,1,NA,1
459,3,28,"4",1,4,4,0,NA,0
460,1,32,"4",3,7,2,0,"Abortion",1
460,2,32,"4",3,2,3,0,"Abortion",1
460,3,32,"4",3,6,0,0,"Economy",1
461,1,77,"3",1,3,2,0,"Racial Justice",1
461,2,77,"3",1,7,2,0,"Abortion",1
461,3,77,"3",1,5,2,0,"Climate",1
462,1,72,"2",7,6,1,1,NA,1
462,2,72,"2",7,4,1,0,"Climate",1
462,3,72,"2",7,5,2,0,"Abortion",1
463,1,40,"2",2,3,0,1,NA,1
463,2,40,"2",2,5,1,0,"Climate",1
463,3,40,"2",2,4,0,1,"Climate",0
464,1,63,"3",7,6,1,0,NA,1
464,2,63,"3",7,2,5,0,"Economy",0
464,3,63,"3",7,7,4,0,NA,1
465,1,48,"5",2,2,1,0,NA,1
465,2,48,"5",2,5,2,0,NA,1
465,3,48,"5",2,7,4,1,"Racial Justice",1
466,1,69,"2",3,6,0,0,"Racial Justice",1
466,2,69,"2",3,7,1,0,"Abortion",1
466,3,69,"2",3,5,3,1,"Economy",1
467,1,74,"2",6,7,2,1,NA,1
467,2,74,"2",6,7,5,0,"Economy",1
467,3,74,"2",6,3,1,0,"Climate",0
468,1,80,"1",4,3,3,1,"Racial Justice",1
468,2,80,"1",4,7,2,0,"Economy",1
468,3,80,"1",4,7,0,0,"Climate",1
469,1,56,"3",3,6,4,0,NA,1
469,2,56,"3",3,2,0,0,"Abortion",1
469,3,56,"3",3,1,1,0,NA,1
470,1,52,"5",4,6,2,0,"Racial Justice",1
470,2,52,"5",4,6,0,0,NA,0
470,3,52,"5",4,5,2,0,NA,1
471,1,24,"2",3,6,5,1,NA,1
471,2,24,"2",3,5,2,1,NA,1
471,3,24,"2",3,4,5,0,NA,0
472,1,45,"2",3,3,2,0,"Climate",0
472,2,45,"2",3,6,4,0,NA,1
472,3,45,"2",3,5,5,0,NA,0
473,1,50,"1",4,4,0,0,"Economy",1
473,2,50,"1",4,6,2,0,"Abortion",1
473,3,50,"1",4,3,1,1,NA,0
474,1,80,"3",6,8,3,0,"Climate",1
474,2,80,"3",6,4,3,0,"Climate",0
474,3,80,"3",6,0,2,0,NA,1
475,1,60,"5",3,2,4,0,NA,1
475,2,60,"5",3,3,2,0,"Abortion",1
475,3,60,"5",3,7,2,1,"Abortion",1
476,1,61,"1",2,3,4,0,NA,0
476,2,61,"1",2,6,4,0,"Racial Justice",0
476,3,61,"1",2,4,4,0,NA,0
477,1,58,"1",7,5,1,0,NA,0
477,2,58,"1",7,4,5,0,"Climate",1
477,3,58,"1",7,5,4,0,NA,1
478,1,71,"3",3,7,4,0,"Economy",1
478,2,71,"3",3,4,4,0,NA,0
478,3,71,"3",3,2,3,0,"Climate",1
479,1,55,"2",3,3,0,0,"Economy",1
479,2,55,"2",3,10,5,0,NA,1
479,3,55,"2",3,4,1,0,"Economy",1
480,1,52,"1",5,5,3,0,NA,1
480,2,52,"1",5,4,4,0,"Economy",0
480,3,52,"1",5,9,4,0,"Racial Justice",1
481,1,46,"3",7,5,2,0,NA,1
481,2,46,"3",7,7,1,0,"Abortion",1
481,3,46,"3",7,7,0,0,"Economy",1
482,1,32,"3",5,3,4,0,"Economy",1
482,2,32,"3",5,6,4,0,"Climate",1
482,3,32,"3",5,5,4,0,NA,1
483,1,66,"3",4,7,2,1,NA,1
483,2,66,"3",4,8,3,1,NA,0
483,3,66,"3",4,5,1,0,NA,0
484,1,64,"2",6,7,1,0,NA,1
484,2,64,"2",6,4,4,1,"Climate",1
484,3,64,"2",6,8,2,1,"Abortion",1
485,1,61,"2",2,6,0,0,"Economy",0
485,2,61,"2",2,5,5,0,"Climate",1
485,3,61,"2",2,4,4,1,NA,0
486,1,29,"5",3,8,4,0,NA,1
486,2,29,"5",3,5,4,1,NA,1
486,3,29,"5",3,4,3,0,NA,0
487,1,71,"2",5,3,0,0,"Climate",1
487,2,71,"2",5,6,1,0,NA,0
487,3,71,"2",5,4,5,0,"Economy",1
488,1,30,"4",1,6,4,0,NA,1
488,2,30,"4",1,7,2,0,"Abortion",1
488,3,30,"4",1,6,1,0,"Economy",1
489,1,38,"5",7,9,2,0,NA,0
489,2,38,"5",7,5,4,0,NA,0
489,3,38,"5",7,4,3,1,NA,1
490,1,72,"3",3,7,5,0,"Economy",1
490,2,72,"3",3,2,1,1,"Racial Justice",1
490,3,72,"3",3,5,2,0,"Racial Justice",1
491,1,66,"2",2,6,2,0,"Climate",0
491,2,66,"2",2,5,3,0,NA,0
491,3,66,"2",2,5,3,0,"Abortion",1
492,1,58,"3",4,7,2,0,NA,1
492,2,58,"3",4,5,5,0,NA,0
492,3,58,"3",4,4,5,0,NA,0
493,1,65,"5",7,6,2,0,NA,0
493,2,65,"5",7,7,0,1,NA,1
493,3,65,"5",7,4,0,0,"Economy",1
494,1,53,"5",4,5,4,1,"Racial Justice",0
494,2,53,"5",4,4,0,0,NA,1
494,3,53,"5",4,4,1,0,"Economy",1
495,1,63,"5",7,8,0,0,NA,1
495,2,63,"5",7,6,0,0,"Climate",1
495,3,63,"5",7,2,2,1,"Climate",1
496,1,80,"2",7,3,2,0,NA,1
496,2,80,"2",7,6,4,0,NA,0
496,3,80,"2",7,6,3,1,NA,1
497,1,18,"3",5,7,5,0,NA,1
497,2,18,"3",5,5,3,0,NA,1
497,3,18,"3",5,7,3,0,NA,1
498,1,55,"2",1,7,4,0,"Economy",1
498,2,55,"2",1,6,5,0,NA,1
498,3,55,"2",1,4,4,1,NA,0
499,1,40,"5",2,4,3,0,"Climate",1
499,2,40,"5",2,6,4,0,"Climate",0
499,3,40,"5",2,9,4,0,"Abortion",1
500,1,39,"3",2,4,4,0,"Economy",1
500,2,39,"3",2,6,5,1,"Climate",0
500,3,39,"3",2,3,5,0,"Climate",1
501,1,77,"3",5,5,2,0,"Abortion",1
501,2,77,"3",5,0,5,0,NA,0
501,3,77,"3",5,5,4,0,NA,1
502,1,67,"3",5,2,2,0,NA,0
502,2,67,"3",5,4,5,0,NA,1
502,3,67,"3",5,4,3,0,NA,1
503,1,63,"2",4,3,3,0,NA,0
503,2,63,"2",4,4,0,0,NA,0
503,3,63,"2",4,4,1,0,NA,0
504,1,43,"3",2,7,0,1,NA,1
504,2,43,"3",2,4,3,0,NA,0
504,3,43,"3",2,6,5,0,"Racial Justice",1
505,1,77,"3",1,5,2,0,NA,1
505,2,77,"3",1,3,5,0,"Racial Justice",0
505,3,77,"3",1,6,3,0,"Abortion",1
506,1,66,"1",3,7,1,0,NA,1
506,2,66,"1",3,8,4,0,"Racial Justice",1
506,3,66,"1",3,2,0,1,NA,1
507,1,67,"2",7,8,1,0,NA,0
507,2,67,"2",7,5,4,0,"Climate",1
507,3,67,"2",7,4,1,1,NA,1
508,1,25,"2",6,5,1,1,NA,1
508,2,25,"2",6,4,1,0,NA,1
508,3,25,"2",6,3,2,0,NA,1
509,1,40,"5",2,9,3,0,"Racial Justice",0
509,2,40,"5",2,6,4,0,NA,1
509,3,40,"5",2,5,4,0,NA,1
510,1,26,"3",2,6,0,0,"Climate",1
510,2,26,"3",2,7,0,0,"Abortion",1
510,3,26,"3",2,1,0,0,"Racial Justice",0
511,1,43,"4",4,1,4,0,NA,1
511,2,43,"4",4,7,2,0,"Racial Justice",1
511,3,43,"4",4,6,2,0,NA,1
512,1,80,"3",1,7,4,0,NA,1
512,2,80,"3",1,10,1,0,NA,1
512,3,80,"3",1,4,4,0,NA,1
513,1,31,"1",4,3,0,0,"Climate",1
513,2,31,"1",4,7,1,0,NA,1
513,3,31,"1",4,3,2,0,NA,1
514,1,32,"4",3,3,1,0,"Economy",1
514,2,32,"4",3,2,1,1,"Economy",1
514,3,32,"4",3,6,2,0,NA,1
515,1,56,"2",4,4,5,1,"Economy",1
515,2,56,"2",4,7,0,0,"Climate",1
515,3,56,"2",4,5,1,0,NA,1
516,1,26,"5",4,4,1,0,"Racial Justice",0
516,2,26,"5",4,6,5,0,NA,0
516,3,26,"5",4,2,3,0,"Climate",1
517,1,30,"4",7,4,3,0,NA,1
517,2,30,"4",7,4,1,0,"Economy",0
517,3,30,"4",7,6,5,0,"Abortion",1
518,1,49,"2",6,0,4,0,NA,0
518,2,49,"2",6,4,1,1,NA,1
518,3,49,"2",6,5,1,0,NA,1
519,1,70,"4",4,1,0,0,"Racial Justice",1
519,2,70,"4",4,4,4,0,NA,1
519,3,70,"4",4,5,5,0,NA,1
520,1,76,"4",3,5,3,0,"Climate",1
520,2,76,"4",3,5,3,0,"Abortion",1
520,3,76,"4",3,4,2,1,"Abortion",0
521,1,72,"1",2,8,0,0,NA,1
521,2,72,"1",2,5,5,0,"Racial Justice",0
521,3,72,"1",2,8,1,0,"Racial Justice",0
522,1,67,"2",2,10,2,0,"Racial Justice",1
522,2,67,"2",2,5,2,0,NA,0
522,3,67,"2",2,9,1,1,NA,1
523,1,75,"5",7,5,0,1,"Abortion",1
523,2,75,"5",7,4,1,0,"Abortion",1
523,3,75,"5",7,4,2,1,"Abortion",1
524,1,60,"2",5,4,5,0,"Economy",1
524,2,60,"2",5,4,3,0,"Racial Justice",1
524,3,60,"2",5,5,2,0,NA,1
525,1,78,"2",4,6,1,0,NA,1
525,2,78,"2",4,8,3,1,NA,1
525,3,78,"2",4,6,2,1,"Economy",1
526,1,56,"5",4,4,0,0,"Racial Justice",0
526,2,56,"5",4,6,5,1,"Abortion",0
526,3,56,"5",4,7,4,0,"Economy",1
527,1,31,"4",3,5,2,0,"Racial Justice",0
527,2,31,"4",3,4,4,0,"Economy",1
527,3,31,"4",3,8,0,0,"Climate",1
528,1,71,"3",4,7,0,0,NA,1
528,2,71,"3",4,7,4,1,NA,1
528,3,71,"3",4,6,2,0,NA,1
529,1,36,"2",6,5,1,0,NA,1
529,2,36,"2",6,4,0,0,NA,1
529,3,36,"2",6,5,0,1,"Abortion",1
530,1,40,"4",5,5,2,0,NA,1
530,2,40,"4",5,7,3,0,"Abortion",0
530,3,40,"4",5,1,1,0,NA,1
531,1,53,"2",3,7,4,0,NA,1
531,2,53,"2",3,5,2,1,"Economy",1
531,3,53,"2",3,4,2,1,"Economy",1
532,1,39,"3",2,4,1,0,"Climate",1
532,2,39,"3",2,4,1,0,NA,1
532,3,39,"3",2,4,4,1,"Climate",0
533,1,51,"1",2,6,5,1,"Economy",1
533,2,51,"1",2,4,2,0,"Abortion",1
533,3,51,"1",2,5,0,1,NA,1
534,1,55,"4",4,4,2,0,"Abortion",1
534,2,55,"4",4,2,5,0,"Climate",1
534,3,55,"4",4,4,5,0,NA,1
535,1,69,"3",5,6,3,0,"Racial Justice",1
535,2,69,"3",5,4,0,0,NA,0
535,3,69,"3",5,4,0,0,NA,0
536,1,57,"1",4,7,4,0,"Climate",1
536,2,57,"1",4,4,2,0,NA,0
536,3,57,"1",4,4,1,0,"Economy",1
537,1,47,"2",6,8,0,0,NA,1
537,2,47,"2",6,2,1,0,NA,0
537,3,47,"2",6,6,0,0,NA,1
538,1,26,"1",5,3,3,0,NA,0
538,2,26,"1",5,1,3,1,NA,1
538,3,26,"1",5,5,1,0,"Abortion",1
539,1,79,"5",7,3,1,1,NA,1
539,2,79,"5",7,5,0,1,"Economy",0
539,3,79,"5",7,6,2,0,"Climate",1
540,1,45,"1",5,9,5,0,NA,0
540,2,45,"1",5,4,3,0,"Racial Justice",0
540,3,45,"1",5,4,5,0,"Economy",0
541,1,73,"5",7,10,2,1,NA,0
541,2,73,"5",7,6,5,0,NA,0
541,3,73,"5",7,2,1,0,"Economy",1
542,1,59,"4",1,4,3,1,NA,0
542,2,59,"4",1,7,4,1,NA,1
542,3,59,"4",1,9,4,0,NA,1
543,1,20,"1",6,7,0,1,"Climate",1
543,2,20,"1",6,6,3,0,NA,1
543,3,20,"1",6,6,0,0,"Racial Justice",0
544,1,26,"5",4,6,5,0,NA,0
544,2,26,"5",4,4,5,0,NA,0
544,3,26,"5",4,8,0,1,"Racial Justice",0
545,1,66,"3",6,5,1,0,NA,1
545,2,66,"3",6,3,5,0,NA,1
545,3,66,"3",6,7,1,0,"Economy",1
546,1,55,"4",2,5,5,0,NA,1
546,2,55,"4",2,6,3,0,NA,0
546,3,55,"4",2,7,1,0,"Economy",1
547,1,37,"4",6,3,5,0,"Racial Justice",1
547,2,37,"4",6,5,4,0,"Abortion",0
547,3,37,"4",6,8,1,1,NA,1
548,1,79,"3",4,7,4,0,NA,1
548,2,79,"3",4,6,0,0,"Abortion",1
548,3,79,"3",4,2,3,1,NA,1
549,1,54,"3",2,7,2,0,"Climate",0
549,2,54,"3",2,4,0,1,NA,0
549,3,54,"3",2,3,1,0,NA,1
550,1,64,"5",6,9,4,0,NA,1
550,2,64,"5",6,4,5,1,NA,1
550,3,64,"5",6,6,2,1,NA,0
551,1,59,"4",6,3,2,1,NA,1
551,2,59,"4",6,5,2,0,"Abortion",1
551,3,59,"4",6,6,0,1,"Climate",0
552,1,51,"2",5,9,3,0,"Climate",1
552,2,51,"2",5,3,1,0,"Racial Justice",1
552,3,51,"2",5,5,3,1,NA,1
553,1,30,"3",3,4,4,0,NA,0
553,2,30,"3",3,4,3,0,"Abortion",1
553,3,30,"3",3,5,2,0,NA,1
554,1,42,"1",3,10,2,0,NA,0
554,2,42,"1",3,7,4,0,"Abortion",1
554,3,42,"1",3,5,5,0,NA,1
555,1,33,"3",3,2,3,1,NA,0
555,2,33,"3",3,8,0,0,NA,1
555,3,33,"3",3,7,1,0,"Economy",1
556,1,18,"1",6,5,1,0,"Economy",1
556,2,18,"1",6,5,3,0,NA,1
556,3,18,"1",6,5,3,0,NA,1
557,1,49,"1",7,5,1,0,NA,1
557,2,49,"1",7,6,3,0,NA,1
557,3,49,"1",7,7,0,0,NA,0
558,1,74,"5",7,6,4,0,NA,1
558,2,74,"5",7,2,5,0,"Abortion",0
558,3,74,"5",7,7,3,0,NA,1
559,1,20,"4",1,5,4,0,"Racial Justice",1
559,2,20,"4",1,4,1,0,"Climate",1
559,3,20,"4",1,4,4,0,NA,1
560,1,39,"5",6,7,4,0,"Racial Justice",0
560,2,39,"5",6,3,2,1,"Economy",1
560,3,39,"5",6,8,0,0,NA,1
561,1,73,"4",1,4,3,0,"Economy",1
561,2,73,"4",1,5,4,0,"Racial Justice",1
561,3,73,"4",1,4,5,0,NA,1
562,1,79,"4",5,7,3,0,"Racial Justice",0
562,2,79,"4",5,5,4,0,NA,0
562,3,79,"4",5,10,2,1,"Climate",1
563,1,75,"2",1,3,0,1,NA,1
563,2,75,"2",1,8,5,0,"Racial Justice",1
563,3,75,"2",1,4,0,1,NA,1
564,1,44,"1",4,6,3,0,"Racial Justice",1
564,2,44,"1",4,8,4,0,NA,1
564,3,44,"1",4,2,2,0,"Abortion",1
565,1,44,"1",4,7,3,0,NA,0
565,2,44,"1",4,5,3,0,"Racial Justice",1
565,3,44,"1",4,8,3,1,"Economy",1
566,1,70,"2",5,3,4,0,"Climate",0
566,2,70,"2",5,6,2,1,"Economy",0
566,3,70,"2",5,4,3,0,NA,1
567,1,29,"5",2,4,4,1,NA,0
567,2,29,"5",2,4,1,0,"Climate",1
567,3,29,"5",2,3,3,0,NA,1
568,1,51,"5",2,3,5,1,NA,0
568,2,51,"5",2,8,4,0,NA,0
568,3,51,"5",2,4,2,0,NA,0
569,1,72,"5",6,3,4,1,"Economy",1
569,2,72,"5",6,4,5,0,"Racial Justice",0
569,3,72,"5",6,4,4,0,"Economy",1
570,1,51,"2",2,4,3,0,"Abortion",1
570,2,51,"2",2,7,2,0,"Racial Justice",0
570,3,51,"2",2,6,3,0,NA,1
571,1,22,"3",6,7,4,0,NA,0
571,2,22,"3",6,1,3,0,"Racial Justice",0
571,3,22,"3",6,4,2,0,"Abortion",1
572,1,59,"2",4,6,0,1,"Climate",1
572,2,59,"2",4,6,5,0,"Climate",1
572,3,59,"2",4,4,3,1,NA,1
573,1,69,"4",7,6,1,1,"Climate",1
573,2,69,"4",7,8,3,0,NA,1
573,3,69,"4",7,4,1,0,"Racial Justice",1
574,1,63,"1",1,4,4,1,NA,1
574,2,63,"1",1,2,2,0,"Abortion",1
574,3,63,"1",1,1,5,0,"Racial Justice",1
575,1,50,"3",1,4,5,0,NA,1
575,2,50,"3",1,4,4,1,NA,1
575,3,50,"3",1,7,1,0,"Abortion",1
576,1,24,"5",7,6,2,0,"Economy",0
576,2,24,"5",7,3,0,1,NA,1
576,3,24,"5",7,7,0,0,"Abortion",1
577,1,25,"5",5,6,0,1,NA,0
577,2,25,"5",5,5,4,0,"Abortion",0
577,3,25,"5",5,3,3,0,"Abortion",1
578,1,53,"3",6,0,5,0,NA,1
578,2,53,"3",6,4,3,0,"Economy",0
578,3,53,"3",6,2,4,0,"Abortion",0
579,1,64,"3",2,7,3,1,"Racial Justice",0
579,2,64,"3",2,4,0,0,NA,1
579,3,64,"3",2,2,0,1,NA,1
580,1,56,"4",5,3,5,0,NA,0
580,2,56,"4",5,3,1,1,"Racial Justice",1
580,3,56,"4",5,2,2,0,NA,1
581,1,27,"4",1,4,4,0,NA,1
581,2,27,"4",1,7,4,0,NA,1
581,3,27,"4",1,7,2,1,"Abortion",1
582,1,66,"5",6,2,2,0,"Racial Justice",1
582,2,66,"5",6,6,1,0,"Climate",1
582,3,66,"5",6,5,5,1,"Climate",0
583,1,45,"4",5,7,2,0,NA,1
583,2,45,"4",5,6,1,0,"Climate",1
583,3,45,"4",5,7,0,0,"Abortion",1
584,1,32,"3",2,4,1,0,NA,0
584,2,32,"3",2,1,4,0,NA,0
584,3,32,"3",2,7,1,0,"Abortion",1
585,1,19,"1",5,5,3,0,"Climate",1
585,2,19,"1",5,3,2,1,"Economy",1
585,3,19,"1",5,3,4,0,NA,1
586,1,59,"4",1,4,3,1,"Racial Justice",0
586,2,59,"4",1,3,2,0,"Racial Justice",1
586,3,59,"4",1,4,3,0,NA,1
587,1,19,"2",6,5,4,0,NA,1
587,2,19,"2",6,5,4,0,NA,1
587,3,19,"2",6,6,1,1,NA,0
588,1,54,"3",3,3,0,0,NA,1
588,2,54,"3",3,8,3,0,NA,0
588,3,54,"3",3,1,5,0,NA,1
589,1,29,"1",4,4,1,0,"Climate",1
589,2,29,"1",4,3,3,0,"Economy",0
589,3,29,"1",4,5,3,0,NA,0
590,1,59,"4",6,4,3,0,"Economy",1
590,2,59,"4",6,7,4,0,NA,0
590,3,59,"4",6,5,5,0,"Economy",1
591,1,67,"2",6,9,1,0,"Racial Justice",1
591,2,67,"2",6,10,4,0,NA,1
591,3,67,"2",6,2,3,0,NA,1
592,1,24,"3",7,8,5,0,NA,0
592,2,24,"3",7,4,0,1,NA,0
592,3,24,"3",7,5,5,0,"Racial Justice",1
593,1,19,"4",1,6,2,0,"Racial Justice",1
593,2,19,"4",1,3,5,0,"Racial Justice",0
593,3,19,"4",1,4,2,1,NA,1
594,1,50,"1",6,6,5,0,NA,1
594,2,50,"1",6,1,0,0,"Abortion",1
594,3,50,"1",6,8,3,0,"Racial Justice",1
595,1,26,"3",5,2,0,0,NA,1
595,2,26,"3",5,5,4,0,NA,0
595,3,26,"3",5,7,4,0,NA,0
596,1,69,"1",6,6,5,0,NA,1
596,2,69,"1",6,5,1,0,"Abortion",1
596,3,69,"1",6,5,1,0,NA,1
597,1,21,"5",3,6,2,0,NA,1
597,2,21,"5",3,3,5,0,NA,0
597,3,21,"5",3,4,5,1,"Racial Justice",0
598,1,22,"1",1,6,5,0,"Racial Justice",0
598,2,22,"1",1,5,4,0,"Racial Justice",1
598,3,22,"1",1,3,0,0,NA,1
599,1,32,"1",1,4,1,0,"Climate",0
599,2,32,"1",1,8,5,0,"Racial Justice",1
599,3,32,"1",1,8,0,1,NA,1
600,1,24,"5",6,5,3,0,"Racial Justice",1
600,2,24,"5",6,1,5,0,NA,0
600,3,24,"5",6,6,4,0,"Racial Justice",1
601,1,71,"4",2,7,1,1,"Racial Justice",1
601,2,71,"4",2,3,4,0,NA,0
601,3,71,"4",2,7,4,0,"Racial Justice",1
602,1,70,"1",4,4,0,0,"Economy",1
602,2,70,"1",4,4,0,0,NA,0
602,3,70,"1",4,7,2,0,"Racial Justice",1
603,1,40,"5",2,5,1,0,"Racial Justice",0
603,2,40,"5",2,4,0,0,NA,0
603,3,40,"5",2,8,2,0,"Racial Justice",0
604,1,74,"5",4,5,0,0,"Economy",1
604,2,74,"5",4,3,4,1,NA,1
604,3,74,"5",4,5,0,1,"Racial Justice",1
605,1,33,"3",6,7,2,0,NA,0
605,2,33,"3",6,3,5,0,NA,1
605,3,33,"3",6,2,4,0,"Abortion",0
606,1,31,"2",6,5,5,0,NA,0
606,2,31,"2",6,6,3,0,"Racial Justice",1
606,3,31,"2",6,3,1,0,NA,0
607,1,31,"3",2,6,0,0,"Climate",1
607,2,31,"3",2,0,0,1,NA,1
607,3,31,"3",2,5,1,1,NA,1
608,1,40,"3",2,5,4,1,NA,1
608,2,40,"3",2,2,2,0,"Racial Justice",1
608,3,40,"3",2,2,4,1,"Economy",0
609,1,48,"1",7,4,5,0,"Racial Justice",1
609,2,48,"1",7,6,3,1,NA,1
609,3,48,"1",7,4,4,0,"Climate",1
610,1,70,"1",2,6,2,0,NA,1
610,2,70,"1",2,4,2,0,"Economy",0
610,3,70,"1",2,6,5,0,"Racial Justice",0
611,1,66,"2",3,5,3,0,"Climate",1
611,2,66,"2",3,6,0,0,NA,0
611,3,66,"2",3,6,1,1,"Abortion",1
612,1,79,"1",7,1,3,1,NA,0
612,2,79,"1",7,6,5,1,"Racial Justice",0
612,3,79,"1",7,1,1,0,"Climate",0
613,1,54,"2",4,3,1,0,"Racial Justice",1
613,2,54,"2",4,5,5,0,NA,1
613,3,54,"2",4,5,1,0,"Racial Justice",0
614,1,62,"2",7,9,5,0,NA,1
614,2,62,"2",7,8,2,0,NA,1
614,3,62,"2",7,8,3,0,NA,0
615,1,36,"3",2,5,5,0,"Abortion",1
615,2,36,"3",2,6,0,0,"Economy",1
615,3,36,"3",2,6,2,0,NA,1
616,1,26,"4",3,7,2,0,"Abortion",0
616,2,26,"4",3,6,4,0,"Climate",0
616,3,26,"4",3,4,1,1,NA,1
617,1,23,"5",3,4,1,1,"Racial Justice",1
617,2,23,"5",3,6,1,0,"Racial Justice",1
617,3,23,"5",3,6,3,0,NA,1
618,1,71,"2",4,3,3,0,"Climate",1
618,2,71,"2",4,8,3,0,NA,1
618,3,71,"2",4,7,5,0,"Economy",1
619,1,41,"4",4,6,3,1,NA,1
619,2,41,"4",4,7,4,0,NA,1
619,3,41,"4",4,6,4,1,"Abortion",1
620,1,28,"5",4,6,0,0,"Racial Justice",1
620,2,28,"5",4,6,3,0,NA,0
620,3,28,"5",4,5,0,1,"Economy",0
621,1,60,"5",3,2,4,0,NA,1
621,2,60,"5",3,6,2,0,NA,1
621,3,60,"5",3,6,0,0,NA,0
622,1,71,"4",7,6,2,0,NA,0
622,2,71,"4",7,5,1,0,NA,1
622,3,71,"4",7,9,3,0,"Abortion",1
623,1,31,"2",4,9,5,1,NA,1
623,2,31,"2",4,9,0,0,NA,0
623,3,31,"2",4,7,0,1,"Racial Justice",1
624,1,68,"5",1,8,4,0,"Economy",1
624,2,68,"5",1,3,1,0,"Economy",1
624,3,68,"5",1,5,1,1,NA,1
625,1,61,"2",4,3,4,1,"Racial Justice",1
625,2,61,"2",4,8,5,0,"Economy",0
625,3,61,"2",4,4,3,0,NA,1
626,1,39,"2",1,4,2,0,NA,0
626,2,39,"2",1,5,2,0,"Abortion",1
626,3,39,"2",1,9,1,1,"Racial Justice",1
627,1,55,"1",6,4,3,0,"Economy",1
627,2,55,"1",6,3,5,0,"Climate",0
627,3,55,"1",6,3,2,0,NA,0
628,1,22,"5",1,3,3,0,"Climate",1
628,2,22,"5",1,3,3,0,NA,1
628,3,22,"5",1,7,1,0,"Racial Justice",1
629,1,27,"2",2,5,2,0,"Racial Justice",1
629,2,27,"2",2,6,2,0,"Climate",0
629,3,27,"2",2,5,3,1,"Racial Justice",0
630,1,28,"3",5,5,0,0,NA,1
630,2,28,"3",5,5,0,0,"Abortion",0
630,3,28,"3",5,6,3,0,NA,1
631,1,22,"3",5,5,4,1,"Economy",0
631,2,22,"3",5,6,3,0,"Climate",0
631,3,22,"3",5,2,5,1,NA,1
632,1,53,"2",6,3,0,0,"Economy",1
632,2,53,"2",6,7,5,0,"Climate",1
632,3,53,"2",6,6,1,0,"Racial Justice",1
633,1,52,"1",6,2,4,0,NA,1
633,2,52,"1",6,0,5,0,NA,1
633,3,52,"1",6,8,4,0,NA,1
634,1,49,"3",3,4,2,1,NA,0
634,2,49,"3",3,7,1,0,NA,1
634,3,49,"3",3,1,5,1,NA,0
635,1,66,"2",4,6,0,0,"Racial Justice",1
635,2,66,"2",4,7,0,0,"Racial Justice",0
635,3,66,"2",4,5,1,0,NA,0
636,1,51,"5",6,5,5,0,NA,1
636,2,51,"5",6,9,5,0,"Racial Justice",1
636,3,51,"5",6,6,4,1,NA,1
637,1,27,"1",4,8,0,1,"Climate",0
637,2,27,"1",4,5,4,0,NA,1
637,3,27,"1",4,4,4,0,"Climate",0
638,1,65,"1",6,5,4,0,"Racial Justice",0
638,2,65,"1",6,5,4,0,NA,1
638,3,65,"1",6,4,1,0,NA,1
639,1,68,"5",1,3,2,1,NA,1
639,2,68,"5",1,4,1,0,"Abortion",1
639,3,68,"5",1,9,2,1,NA,1
640,1,25,"2",6,3,1,1,NA,0
640,2,25,"2",6,5,4,1,NA,1
640,3,25,"2",6,4,4,0,NA,1
641,1,25,"1",7,5,5,0,NA,1
641,2,25,"1",7,3,4,1,"Racial Justice",1
641,3,25,"1",7,7,4,1,NA,1
642,1,30,"3",3,5,5,0,"Racial Justice",1
642,2,30,"3",3,7,2,1,"Economy",1
642,3,30,"3",3,4,0,0,"Racial Justice",1
643,1,70,"4",2,5,0,1,"Economy",1
643,2,70,"4",2,3,2,1,"Racial Justice",1
643,3,70,"4",2,7,0,0,NA,1
644,1,25,"1",1,3,5,0,"Racial Justice",1
644,2,25,"1",1,7,2,1,"Racial Justice",1
644,3,25,"1",1,5,0,0,NA,1
645,1,40,"2",7,8,1,0,NA,0
645,2,40,"2",7,3,4,0,"Climate",0
645,3,40,"2",7,3,0,1,NA,1
646,1,49,"4",6,6,2,0,"Abortion",1
646,2,49,"4",6,4,1,0,"Climate",1
646,3,49,"4",6,4,3,0,"Racial Justice",0
647,1,72,"5",2,8,4,1,NA,0
647,2,72,"5",2,5,4,0,"Racial Justice",0
647,3,72,"5",2,7,1,1,"Racial Justice",1
648,1,66,"4",1,6,1,0,NA,1
648,2,66,"4",1,7,2,1,"Racial Justice",0
648,3,66,"4",1,6,4,0,"Racial Justice",1
649,1,50,"3",5,8,0,0,"Racial Justice",1
649,2,50,"3",5,0,0,0,NA,0
649,3,50,"3",5,6,4,0,NA,1
650,1,74,"1",5,6,0,0,"Abortion",1
650,2,74,"1",5,5,5,1,"Racial Justice",1
650,3,74,"1",5,4,2,0,"Abortion",1
651,1,60,"3",2,5,2,0,NA,1
651,2,60,"3",2,7,5,0,NA,1
651,3,60,"3",2,4,4,0,"Abortion",1
652,1,32,"5",5,7,3,0,"Economy",1
652,2,32,"5",5,4,5,0,"Climate",1
652,3,32,"5",5,6,1,0,"Racial Justice",1
653,1,64,"5",6,9,4,0,"Climate",1
653,2,64,"5",6,6,5,0,NA,1
653,3,64,"5",6,3,4,0,"Racial Justice",0
654,1,62,"5",2,7,4,0,NA,1
654,2,62,"5",2,5,5,1,NA,1
654,3,62,"5",2,5,5,0,NA,0
655,1,52,"4",2,1,2,0,"Racial Justice",1
655,2,52,"4",2,6,2,0,NA,0
655,3,52,"4",2,7,2,1,"Economy",0
656,1,27,"1",7,3,1,0,"Economy",1
656,2,27,"1",7,9,4,0,NA,1
656,3,27,"1",7,5,3,0,NA,1
657,1,19,"5",4,0,5,0,NA,1
657,2,19,"5",4,6,2,1,NA,1
657,3,19,"5",4,5,2,0,"Climate",1
658,1,58,"4",5,7,5,0,NA,1
658,2,58,"4",5,3,1,0,"Economy",1
658,3,58,"4",5,6,5,0,"Abortion",1
659,1,22,"3",1,6,2,0,"Climate",1
659,2,22,"3",1,4,0,1,"Racial Justice",0
659,3,22,"3",1,7,0,0,NA,1
660,1,65,"5",1,7,2,0,NA,1
660,2,65,"5",1,8,5,0,"Abortion",1
660,3,65,"5",1,6,3,0,"Racial Justice",0
661,1,53,"2",7,5,0,1,"Economy",0
661,2,53,"2",7,6,0,0,"Racial Justice",1
661,3,53,"2",7,2,0,0,NA,1
662,1,58,"4",3,7,3,1,NA,0
662,2,58,"4",3,1,4,0,NA,1
662,3,58,"4",3,4,3,0,"Racial Justice",0
663,1,33,"2",3,4,5,0,NA,1
663,2,33,"2",3,4,4,0,NA,1
663,3,33,"2",3,7,4,0,NA,0
664,1,43,"5",7,5,3,1,NA,1
664,2,43,"5",7,7,1,0,"Racial Justice",1
664,3,43,"5",7,2,5,1,"Climate",1
665,1,77,"4",1,4,1,0,NA,1
665,2,77,"4",1,10,2,0,NA,0
665,3,77,"4",1,4,0,0,"Climate",1
666,1,65,"2",1,4,2,0,NA,1
666,2,65,"2",1,4,2,0,NA,1
666,3,65,"2",1,6,2,0,NA,1
667,1,20,"4",3,6,1,0,NA,1
667,2,20,"4",3,5,3,0,NA,1
667,3,20,"4",3,6,1,0,NA,1
668,1,80,"1",1,7,4,0,"Economy",1
668,2,80,"1",1,6,3,1,NA,1
668,3,80,"1",1,5,3,0,NA,1
669,1,35,"3",4,9,3,0,"Economy",1
669,2,35,"3",4,5,1,0,"Racial Justice",1
669,3,35,"3",4,2,4,0,NA,1
670,1,42,"4",2,5,0,0,"Abortion",1
670,2,42,"4",2,6,4,0,"Climate",1
670,3,42,"4",2,4,5,0,NA,0
671,1,31,"5",3,0,1,1,NA,1
671,2,31,"5",3,5,1,0,NA,1
671,3,31,"5",3,5,4,0,NA,1
672,1,35,"5",5,6,0,0,NA,0
672,2,35,"5",5,3,3,1,"Abortion",0
672,3,35,"5",5,3,2,0,"Abortion",1
673,1,69,"5",1,3,3,1,"Economy",1
673,2,69,"5",1,6,2,0,NA,1
673,3,69,"5",1,6,1,0,NA,1
674,1,29,"2",1,8,3,1,"Abortion",1
674,2,29,"2",1,7,3,0,"Climate",0
674,3,29,"2",1,8,5,1,"Racial Justice",1
675,1,34,"4",1,2,4,0,"Racial Justice",1
675,2,34,"4",1,4,1,1,NA,1
675,3,34,"4",1,6,0,0,NA,1
676,1,38,"3",3,6,4,0,NA,1
676,2,38,"3",3,3,1,0,"Abortion",1
676,3,38,"3",3,8,2,0,NA,1
677,1,26,"2",6,5,1,0,"Abortion",1
677,2,26,"2",6,5,3,1,NA,1
677,3,26,"2",6,4,5,0,NA,0
678,1,78,"2",1,3,1,0,NA,1
678,2,78,"2",1,2,5,0,"Climate",0
678,3,78,"2",1,3,0,0,NA,1
679,1,20,"2",2,3,5,0,NA,0
679,2,20,"2",2,4,3,1,NA,1
679,3,20,"2",2,8,1,0,"Racial Justice",0
680,1,34,"5",6,4,0,0,NA,1
680,2,34,"5",6,3,3,1,NA,1
680,3,34,"5",6,6,3,0,NA,1
681,1,38,"3",5,8,2,0,"Climate",1
681,2,38,"3",5,5,3,0,"Abortion",1
681,3,38,"3",5,6,1,1,"Racial Justice",1
682,1,50,"2",4,1,3,0,"Climate",1
682,2,50,"2",4,6,0,1,"Racial Justice",1
682,3,50,"2",4,5,2,1,NA,1
683,1,44,"5",5,6,1,0,"Economy",1
683,2,44,"5",5,5,0,1,NA,1
683,3,44,"5",5,8,1,1,"Economy",1
684,1,69,"2",2,4,4,0,"Economy",0
684,2,69,"2",2,3,2,1,NA,1
684,3,69,"2",2,6,3,0,NA,1
685,1,41,"1",1,2,5,0,"Climate",1
685,2,41,"1",1,4,3,1,"Climate",1
685,3,41,"1",1,4,4,0,NA,1
686,1,64,"3",1,6,3,1,NA,1
686,2,64,"3",1,4,4,0,NA,1
686,3,64,"3",1,6,4,0,NA,0
687,1,45,"2",5,8,4,0,NA,1
687,2,45,"2",5,6,5,1,"Climate",1
687,3,45,"2",5,7,0,0,NA,1
688,1,71,"3",4,5,4,0,NA,1
688,2,71,"3",4,3,0,1,NA,1
688,3,71,"3",4,4,0,0,"Abortion",1
689,1,62,"4",3,5,5,1,NA,0
689,2,62,"4",3,7,3,1,NA,0
689,3,62,"4",3,2,1,0,NA,1
690,1,29,"4",5,6,4,1,"Abortion",1
690,2,29,"4",5,1,3,0,"Racial Justice",1
690,3,29,"4",5,8,2,0,NA,1
691,1,50,"4",1,6,1,0,"Economy",1
691,2,50,"4",1,9,5,0,NA,0
691,3,50,"4",1,8,3,0,NA,1
692,1,46,"2",3,5,0,0,NA,1
692,2,46,"2",3,8,5,0,"Climate",0
692,3,46,"2",3,4,5,0,"Racial Justice",1
693,1,54,"2",3,3,4,0,NA,1
693,2,54,"2",3,1,2,0,"Abortion",1
693,3,54,"2",3,5,4,0,"Abortion",1
694,1,67,"4",1,7,3,0,NA,1
694,2,67,"4",1,7,2,0,"Economy",0
694,3,67,"4",1,8,2,1,NA,0
695,1,25,"5",2,6,4,0,NA,1
695,2,25,"5",2,5,4,0,"Abortion",1
695,3,25,"5",2,6,4,0,NA,1
696,1,27,"4",6,3,0,0,NA,1
696,2,27,"4",6,6,1,0,NA,1
696,3,27,"4",6,6,1,0,"Climate",0
697,1,31,"2",2,4,1,0,"Abortion",0
697,2,31,"2",2,2,5,0,NA,1
697,3,31,"2",2,5,4,0,NA,1
698,1,62,"4",1,4,5,0,NA,1
698,2,62,"4",1,5,5,1,NA,1
698,3,62,"4",1,10,3,0,"Climate",1
699,1,36,"3",6,2,0,0,NA,1
699,2,36,"3",6,5,2,0,"Racial Justice",1
699,3,36,"3",6,6,3,0,NA,1
700,1,40,"4",3,5,3,0,"Racial Justice",0
700,2,40,"4",3,3,2,1,"Racial Justice",1
700,3,40,"4",3,7,5,0,"Racial Justice",1
701,1,38,"1",4,2,2,0,NA,1
701,2,38,"1",4,1,2,1,NA,1
701,3,38,"1",4,3,5,0,NA,1
702,1,66,"1",6,3,1,0,NA,1
702,2,66,"1",6,6,1,0,NA,1
702,3,66,"1",6,4,2,0,"Climate",0
703,1,49,"5",7,5,1,1,NA,1
703,2,49,"5",7,6,3,0,NA,0
703,3,49,"5",7,4,0,0,"Racial Justice",1
704,1,27,"2",7,4,4,1,"Abortion",0
704,2,27,"2",7,4,5,0,"Racial Justice",0
704,3,27,"2",7,5,5,0,NA,1
705,1,71,"5",4,2,5,0,"Racial Justice",1
705,2,71,"5",4,5,1,0,"Abortion",0
705,3,71,"5",4,9,0,1,NA,1
706,1,72,"3",1,5,1,0,NA,1
706,2,72,"3",1,8,5,0,NA,1
706,3,72,"3",1,7,5,1,NA,1
707,1,34,"5",6,5,3,0,NA,1
707,2,34,"5",6,3,2,1,"Racial Justice",1
707,3,34,"5",6,10,5,0,NA,1
708,1,68,"4",1,3,5,0,"Abortion",1
708,2,68,"4",1,5,1,1,NA,1
708,3,68,"4",1,6,5,0,NA,0
709,1,32,"5",5,7,3,0,NA,0
709,2,32,"5",5,3,5,1,"Climate",1
709,3,32,"5",5,5,2,0,NA,1
710,1,58,"3",4,7,2,0,NA,1
710,2,58,"3",4,4,1,0,"Abortion",1
710,3,58,"3",4,4,1,0,NA,1
711,1,40,"2",6,8,1,1,NA,1
711,2,40,"2",6,3,5,0,NA,1
711,3,40,"2",6,5,2,0,"Abortion",1
712,1,61,"2",7,4,3,0,"Racial Justice",0
712,2,61,"2",7,5,5,0,NA,1
712,3,61,"2",7,9,5,1,"Racial Justice",1
713,1,76,"5",5,6,4,0,"Abortion",1
713,2,76,"5",5,4,5,1,NA,1
713,3,76,"5",5,5,1,0,NA,1
714,1,54,"3",2,4,5,0,NA,1
714,2,54,"3",2,5,4,0,NA,0
714,3,54,"3",2,4,1,0,"Racial Justice",1
715,1,56,"5",1,9,1,0,"Racial Justice",1
715,2,56,"5",1,2,2,0,"Abortion",1
715,3,56,"5",1,2,0,0,"Economy",0
716,1,21,"5",4,1,5,0,"Racial Justice",0
716,2,21,"5",4,6,2,1,"Economy",1
716,3,21,"5",4,3,0,0,NA,1
717,1,33,"4",4,5,5,0,"Abortion",0
717,2,33,"4",4,7,0,1,"Economy",1
717,3,33,"4",4,4,0,1,NA,1
718,1,43,"5",5,7,2,0,NA,1
718,2,43,"5",5,9,0,0,"Climate",1
718,3,43,"5",5,4,2,0,"Climate",1
719,1,44,"1",1,5,5,0,"Climate",1
719,2,44,"1",1,2,3,0,NA,1
719,3,44,"1",1,7,1,0,NA,1
720,1,18,"3",2,10,0,0,"Racial Justice",1
720,2,18,"3",2,5,0,1,"Economy",1
720,3,18,"3",2,4,0,0,NA,0
721,1,26,"3",3,4,3,1,"Racial Justice",1
721,2,26,"3",3,3,3,0,NA,1
721,3,26,"3",3,8,5,0,NA,1
722,1,51,"3",6,8,1,0,NA,0
722,2,51,"3",6,4,5,0,"Economy",0
722,3,51,"3",6,6,3,0,NA,0
723,1,62,"3",7,4,1,0,"Climate",0
723,2,62,"3",7,4,5,0,NA,1
723,3,62,"3",7,7,0,1,NA,1
724,1,61,"2",7,3,5,0,NA,1
724,2,61,"2",7,4,1,1,NA,1
724,3,61,"2",7,2,2,1,"Abortion",1
725,1,41,"4",7,7,2,0,"Climate",1
725,2,41,"4",7,7,0,0,NA,1
725,3,41,"4",7,5,1,0,NA,1
726,1,65,"3",6,3,2,1,"Abortion",0
726,2,65,"3",6,6,3,0,NA,0
726,3,65,"3",6,9,4,1,NA,0
727,1,43,"4",5,4,3,0,NA,1
727,2,43,"4",5,6,0,0,"Racial Justice",1
727,3,43,"4",5,5,2,0,"Abortion",0
728,1,67,"4",2,5,0,0,"Abortion",1
728,2,67,"4",2,4,3,0,"Climate",1
728,3,67,"4",2,8,0,1,"Racial Justice",0
729,1,67,"1",6,3,3,0,NA,0
729,2,67,"1",6,3,1,1,"Abortion",1
729,3,67,"1",6,4,5,0,NA,1
730,1,30,"2",3,6,0,0,NA,0
730,2,30,"2",3,6,2,0,NA,0
730,3,30,"2",3,4,0,1,"Climate",1
731,1,38,"3",1,9,1,0,"Racial Justice",1
731,2,38,"3",1,7,4,0,NA,1
731,3,38,"3",1,5,5,0,NA,1
732,1,19,"5",7,8,4,0,"Climate",0
732,2,19,"5",7,5,0,0,"Racial Justice",1
732,3,19,"5",7,7,4,0,"Racial Justice",1
733,1,20,"4",2,6,2,1,NA,0
733,2,20,"4",2,5,2,0,"Economy",0
733,3,20,"4",2,6,5,0,"Racial Justice",0
734,1,33,"3",4,3,4,0,NA,0
734,2,33,"3",4,2,4,0,NA,0
734,3,33,"3",4,7,3,0,"Abortion",1
735,1,54,"4",3,5,5,1,NA,0
735,2,54,"4",3,9,3,0,"Racial Justice",1
735,3,54,"4",3,6,1,1,"Racial Justice",1
736,1,74,"3",6,6,4,1,NA,1
736,2,74,"3",6,5,3,0,"Climate",1
736,3,74,"3",6,5,4,0,"Racial Justice",0
737,1,56,"1",4,3,3,0,"Abortion",1
737,2,56,"1",4,6,5,0,NA,1
737,3,56,"1",4,2,0,0,NA,0
738,1,27,"3",2,5,4,0,"Climate",1
738,2,27,"3",2,6,1,0,"Climate",1
738,3,27,"3",2,7,1,1,"Abortion",1
739,1,48,"3",3,5,1,1,"Abortion",1
739,2,48,"3",3,4,3,1,NA,1
739,3,48,"3",3,6,1,0,"Abortion",1
740,1,77,"2",3,4,1,0,NA,0
740,2,77,"2",3,4,4,0,NA,0
740,3,77,"2",3,6,1,0,"Economy",0
741,1,29,"5",3,4,4,0,NA,1
741,2,29,"5",3,2,0,1,"Economy",1
741,3,29,"5",3,7,0,0,"Racial Justice",1
742,1,30,"4",3,6,5,0,"Economy",1
742,2,30,"4",3,5,0,0,NA,1
742,3,30,"4",3,6,2,0,NA,0
743,1,34,"1",7,5,2,1,NA,1
743,2,34,"1",7,5,4,0,NA,1
743,3,34,"1",7,6,5,1,NA,1
744,1,78,"5",5,5,5,0,"Abortion",0
744,2,78,"5",5,6,2,0,"Racial Justice",1
744,3,78,"5",5,6,5,0,NA,1
745,1,56,"1",5,4,4,0,"Climate",0
745,2,56,"1",5,5,5,0,"Economy",1
745,3,56,"1",5,4,0,0,"Racial Justice",1
746,1,29,"1",3,5,5,0,NA,1
746,2,29,"1",3,4,3,0,NA,1
746,3,29,"1",3,4,3,0,NA,0
747,1,36,"4",7,3,2,0,NA,0
747,2,36,"4",7,8,3,0,"Racial Justice",1
747,3,36,"4",7,6,3,0,"Racial Justice",1
748,1,40,"3",1,3,4,1,NA,1
748,2,40,"3",1,6,3,0,"Racial Justice",1
748,3,40,"3",1,4,1,1,"Economy",1
749,1,36,"4",5,2,4,0,"Economy",0
749,2,36,"4",5,6,5,0,NA,1
749,3,36,"4",5,6,4,0,NA,0
750,1,71,"5",7,6,1,0,"Climate",0
750,2,71,"5",7,8,1,0,"Climate",1
750,3,71,"5",7,6,0,1,"Economy",1
751,1,37,"3",2,6,4,1,"Racial Justice",0
751,2,37,"3",2,6,5,0,NA,1
751,3,37,"3",2,2,3,0,NA,1
752,1,76,"3",7,4,3,0,NA,0
752,2,76,"3",7,3,1,0,"Economy",1
752,3,76,"3",7,8,0,0,NA,0
753,1,50,"3",1,4,2,0,"Abortion",1
753,2,50,"3",1,3,1,0,NA,0
753,3,50,"3",1,4,0,1,NA,1
754,1,49,"3",4,5,0,0,"Climate",1
754,2,49,"3",4,4,3,0,NA,0
754,3,49,"3",4,4,0,0,NA,0
755,1,18,"2",4,7,5,0,"Economy",1
755,2,18,"2",4,4,5,0,NA,1
755,3,18,"2",4,5,3,1,"Climate",1
756,1,64,"1",1,3,4,0,"Abortion",0
756,2,64,"1",1,5,0,1,NA,1
756,3,64,"1",1,6,2,0,NA,1
757,1,21,"3",3,5,0,0,NA,1
757,2,21,"3",3,7,4,1,"Abortion",1
757,3,21,"3",3,7,4,0,"Climate",1
758,1,44,"2",2,6,2,0,NA,1
758,2,44,"2",2,7,4,0,"Abortion",1
758,3,44,"2",2,5,3,0,"Racial Justice",0
759,1,73,"1",3,3,5,1,"Economy",1
759,2,73,"1",3,9,4,0,NA,1
759,3,73,"1",3,1,0,0,NA,1
760,1,69,"5",7,2,1,0,NA,0
760,2,69,"5",7,3,2,0,"Racial Justice",0
760,3,69,"5",7,5,5,0,"Climate",1
761,1,21,"1",2,3,0,0,"Economy",1
761,2,21,"1",2,6,1,0,"Racial Justice",1
761,3,21,"1",2,5,3,0,NA,0
762,1,52,"1",6,5,1,0,NA,1
762,2,52,"1",6,6,2,1,NA,1
762,3,52,"1",6,5,1,0,NA,1
763,1,73,"4",3,7,3,0,NA,1
763,2,73,"4",3,6,2,1,NA,1
763,3,73,"4",3,7,4,0,NA,1
764,1,20,"2",1,7,3,0,"Economy",0
764,2,20,"2",1,6,0,0,NA,0
764,3,20,"2",1,7,2,0,NA,1
765,1,52,"2",3,9,4,0,"Abortion",1
765,2,52,"2",3,5,3,1,"Racial Justice",1
765,3,52,"2",3,6,4,0,NA,1
766,1,74,"2",6,6,4,1,"Racial Justice",1
766,2,74,"2",6,5,3,0,"Racial Justice",1
766,3,74,"2",6,4,1,1,"Abortion",0
767,1,43,"1",3,2,1,0,"Racial Justice",0
767,2,43,"1",3,5,2,0,NA,1
767,3,43,"1",3,4,5,0,NA,1
768,1,67,"4",6,4,0,0,NA,1
768,2,67,"4",6,4,1,0,NA,0
768,3,67,"4",6,5,2,0,NA,1
769,1,19,"1",1,5,5,0,"Climate",1
769,2,19,"1",1,5,2,0,"Racial Justice",1
769,3,19,"1",1,3,4,0,NA,1
770,1,78,"1",4,7,4,0,"Abortion",1
770,2,78,"1",4,6,2,0,NA,1
770,3,78,"1",4,3,4,0,NA,1
771,1,57,"3",3,2,5,0,"Racial Justice",1
771,2,57,"3",3,4,5,0,"Economy",0
771,3,57,"3",3,8,2,0,NA,0
772,1,78,"3",1,7,3,0,"Abortion",1
772,2,78,"3",1,6,1,0,NA,1
772,3,78,"3",1,3,4,0,NA,0
773,1,38,"3",1,9,1,0,NA,1
773,2,38,"3",1,2,0,0,NA,1
773,3,38,"3",1,3,1,1,"Racial Justice",1
774,1,46,"4",4,6,4,0,"Abortion",1
774,2,46,"4",4,4,2,0,NA,1
774,3,46,"4",4,2,0,0,"Abortion",1
775,1,53,"4",6,5,4,0,NA,1
775,2,53,"4",6,6,3,0,"Abortion",1
775,3,53,"4",6,3,0,0,NA,0
776,1,42,"5",6,4,3,0,NA,1
776,2,42,"5",6,3,5,0,"Climate",0
776,3,42,"5",6,8,3,0,NA,1
777,1,49,"2",1,6,5,0,NA,1
777,2,49,"2",1,5,2,1,"Economy",1
777,3,49,"2",1,2,3,1,NA,1
778,1,45,"4",5,4,4,0,"Climate",0
778,2,45,"4",5,5,4,0,"Abortion",1
778,3,45,"4",5,7,0,1,"Racial Justice",0
779,1,21,"5",3,5,2,0,"Abortion",1
779,2,21,"5",3,5,1,0,NA,1
779,3,21,"5",3,5,3,0,NA,0
780,1,74,"1",1,7,4,0,"Climate",0
780,2,74,"1",1,8,0,0,"Climate",0
780,3,74,"1",1,4,5,0,"Economy",0
781,1,60,"1",6,3,3,0,"Abortion",0
781,2,60,"1",6,7,2,0,NA,1
781,3,60,"1",6,3,4,0,NA,0
782,1,41,"3",7,5,1,0,"Abortion",0
782,2,41,"3",7,1,5,0,"Economy",0
782,3,41,"3",7,6,5,0,"Climate",0
783,1,30,"4",5,1,4,0,NA,0
783,2,30,"4",5,7,3,0,NA,0
783,3,30,"4",5,4,5,0,"Abortion",1
784,1,23,"4",3,4,0,0,"Racial Justice",1
784,2,23,"4",3,4,0,0,NA,0
784,3,23,"4",3,5,4,0,NA,0
785,1,71,"3",7,2,5,0,NA,0
785,2,71,"3",7,4,1,0,NA,0
785,3,71,"3",7,7,2,1,"Racial Justice",1
786,1,73,"2",4,8,3,0,"Climate",1
786,2,73,"2",4,4,4,1,"Climate",1
786,3,73,"2",4,8,2,0,NA,0
787,1,77,"4",5,3,1,1,NA,1
787,2,77,"4",5,5,0,0,"Racial Justice",1
787,3,77,"4",5,6,4,1,NA,0
788,1,80,"4",2,4,3,0,"Economy",1
788,2,80,"4",2,3,3,1,NA,1
788,3,80,"4",2,5,5,0,"Racial Justice",0
789,1,35,"2",6,5,5,0,NA,1
789,2,35,"2",6,9,5,0,"Racial Justice",1
789,3,35,"2",6,5,3,0,"Climate",1
790,1,32,"5",1,5,0,0,"Economy",1
790,2,32,"5",1,6,4,0,"Racial Justice",1
790,3,32,"5",1,4,5,1,"Climate",1
791,1,80,"4",5,6,3,0,"Racial Justice",1
791,2,80,"4",5,7,1,0,"Climate",0
791,3,80,"4",5,1,1,0,NA,1
792,1,53,"5",6,8,1,0,NA,1
792,2,53,"5",6,4,0,0,"Racial Justice",1
792,3,53,"5",6,10,0,0,NA,1
793,1,76,"4",3,4,4,0,"Climate",1
793,2,76,"4",3,5,4,0,"Economy",1
793,3,76,"4",3,4,2,0,"Climate",0
794,1,29,"4",3,4,5,0,"Abortion",1
794,2,29,"4",3,5,1,1,NA,1
794,3,29,"4",3,5,2,1,"Racial Justice",0
795,1,22,"3",2,5,1,0,NA,1
795,2,22,"3",2,7,5,0,NA,1
795,3,22,"3",2,9,5,0,NA,1
796,1,26,"1",4,3,1,0,"Racial Justice",0
796,2,26,"1",4,6,4,0,NA,1
796,3,26,"1",4,5,0,1,NA,1
797,1,37,"4",6,1,5,0,"Economy",1
797,2,37,"4",6,2,2,1,"Racial Justice",1
797,3,37,"4",6,6,2,1,"Economy",1
798,1,75,"4",3,8,2,0,NA,1
798,2,75,"4",3,3,2,0,"Economy",1
798,3,75,"4",3,4,1,0,NA,0
799,1,59,"5",3,9,2,0,"Climate",1
799,2,59,"5",3,8,3,0,NA,1
799,3,59,"5",3,5,3,1,NA,1
800,1,44,"3",7,5,3,1,NA,0
800,2,44,"3",7,8,2,0,NA,1
800,3,44,"3",7,4,3,0,NA,1
801,1,39,"1",3,8,4,1,NA,1
801,2,39,"1",3,8,3,0,NA,0
801,3,39,"1",3,7,5,0,NA,1
802,1,55,"3",1,5,4,0,"Abortion",1
802,2,55,"3",1,8,4,0,NA,0
802,3,55,"3",1,7,3,0,"Climate",1
803,1,40,"4",6,6,3,0,NA,1
803,2,40,"4",6,5,4,0,"Climate",1
803,3,40,"4",6,4,5,0,"Climate",1
804,1,34,"2",4,5,3,0,NA,0
804,2,34,"2",4,3,1,0,"Racial Justice",1
804,3,34,"2",4,5,0,1,NA,1
805,1,54,"1",4,6,5,1,"Climate",0
805,2,54,"1",4,4,4,0,NA,1
805,3,54,"1",4,1,5,0,NA,0
806,1,42,"5",4,7,4,0,"Climate",1
806,2,42,"5",4,4,1,1,"Racial Justice",1
806,3,42,"5",4,3,1,0,NA,1
807,1,74,"1",2,9,5,0,NA,1
807,2,74,"1",2,7,3,0,NA,0
807,3,74,"1",2,6,1,0,NA,1
808,1,51,"2",6,7,2,0,"Racial Justice",1
808,2,51,"2",6,7,2,0,"Climate",0
808,3,51,"2",6,7,5,0,"Racial Justice",0
809,1,66,"3",3,3,5,0,NA,0
809,2,66,"3",3,1,4,0,NA,1
809,3,66,"3",3,6,4,0,"Racial Justice",1
810,1,74,"4",7,4,1,0,"Economy",0
810,2,74,"4",7,7,5,0,"Economy",1
810,3,74,"4",7,2,2,0,"Economy",0
811,1,58,"2",4,5,2,1,"Racial Justice",1
811,2,58,"2",4,5,5,0,NA,1
811,3,58,"2",4,4,0,0,NA,1
812,1,67,"3",1,4,1,0,"Racial Justice",0
812,2,67,"3",1,5,0,1,"Economy",1
812,3,67,"3",1,9,4,1,NA,1
813,1,23,"2",7,3,1,0,NA,1
813,2,23,"2",7,4,5,0,"Climate",0
813,3,23,"2",7,6,1,0,NA,0
814,1,34,"4",3,4,1,0,"Climate",1
814,2,34,"4",3,3,3,1,NA,1
814,3,34,"4",3,7,4,0,NA,0
815,1,73,"5",2,7,3,1,NA,0
815,2,73,"5",2,4,2,1,"Abortion",1
815,3,73,"5",2,1,3,0,NA,1
816,1,56,"5",6,4,2,0,NA,1
816,2,56,"5",6,5,1,0,NA,0
816,3,56,"5",6,3,3,0,NA,1
817,1,49,"4",4,7,3,0,NA,1
817,2,49,"4",4,6,4,0,"Abortion",1
817,3,49,"4",4,6,2,0,"Racial Justice",1
818,1,38,"3",4,6,3,1,NA,1
818,2,38,"3",4,5,0,1,NA,1
818,3,38,"3",4,6,2,0,NA,0
819,1,58,"3",5,5,1,1,"Climate",0
819,2,58,"3",5,6,5,0,"Economy",0
819,3,58,"3",5,5,3,0,"Abortion",1
820,1,21,"2",4,7,3,0,"Racial Justice",1
820,2,21,"2",4,8,0,0,NA,1
820,3,21,"2",4,5,3,0,"Climate",1
821,1,48,"4",3,10,5,0,NA,1
821,2,48,"4",3,7,0,0,NA,1
821,3,48,"4",3,2,3,1,NA,1
822,1,22,"3",2,1,4,0,"Economy",1
822,2,22,"3",2,4,5,1,NA,1
822,3,22,"3",2,5,2,1,NA,1
823,1,50,"1",3,3,1,0,"Climate",0
823,2,50,"1",3,5,5,0,"Abortion",1
823,3,50,"1",3,7,5,0,"Economy",0
824,1,23,"4",6,8,2,1,"Climate",1
824,2,23,"4",6,6,3,0,"Racial Justice",1
824,3,23,"4",6,5,3,0,"Economy",1
825,1,46,"3",2,7,3,1,"Climate",0
825,2,46,"3",2,5,4,0,NA,0
825,3,46,"3",2,4,0,0,"Climate",1
826,1,42,"4",7,5,2,0,"Racial Justice",1
826,2,42,"4",7,7,0,0,NA,1
826,3,42,"4",7,4,3,0,NA,1
827,1,44,"5",4,6,1,0,NA,1
827,2,44,"5",4,6,0,1,NA,1
827,3,44,"5",4,2,4,1,"Abortion",1
828,1,56,"2",3,5,4,1,"Abortion",1
828,2,56,"2",3,4,2,0,NA,1
828,3,56,"2",3,4,1,1,"Racial Justice",1
829,1,42,"3",1,6,0,0,NA,0
829,2,42,"3",1,5,4,1,NA,1
829,3,42,"3",1,8,4,1,"Climate",1
830,1,76,"2",4,3,1,1,NA,0
830,2,76,"2",4,5,2,0,NA,0
830,3,76,"2",4,6,5,1,"Climate",1
831,1,45,"5",4,6,4,0,NA,1
831,2,45,"5",4,5,4,0,"Economy",1
831,3,45,"5",4,8,4,0,"Economy",1
832,1,31,"2",1,4,3,0,"Racial Justice",1
832,2,31,"2",1,5,4,0,"Racial Justice",1
832,3,31,"2",1,6,2,0,NA,1
833,1,44,"4",1,3,1,0,"Racial Justice",0
833,2,44,"4",1,5,0,0,"Racial Justice",1
833,3,44,"4",1,4,3,1,NA,0
834,1,75,"4",4,4,1,0,NA,1
834,2,75,"4",4,3,4,1,NA,1
834,3,75,"4",4,6,0,1,"Abortion",1
835,1,47,"4",2,5,3,0,"Climate",1
835,2,47,"4",2,4,2,0,"Climate",1
835,3,47,"4",2,6,2,0,NA,1
836,1,71,"1",1,3,2,0,"Racial Justice",1
836,2,71,"1",1,6,2,0,"Economy",1
836,3,71,"1",1,7,3,0,"Climate",1
837,1,27,"4",3,4,4,0,"Racial Justice",1
837,2,27,"4",3,3,0,0,"Abortion",0
837,3,27,"4",3,2,1,0,NA,1
838,1,19,"5",4,6,4,0,NA,1
838,2,19,"5",4,10,1,0,"Climate",1
838,3,19,"5",4,6,0,0,"Economy",1
839,1,75,"2",1,5,4,0,"Climate",1
839,2,75,"2",1,6,2,1,NA,0
839,3,75,"2",1,6,2,0,NA,1
840,1,72,"2",3,10,5,0,"Economy",1
840,2,72,"2",3,4,1,0,NA,0
840,3,72,"2",3,8,4,0,NA,0
841,1,53,"1",7,6,0,0,NA,0
841,2,53,"1",7,6,1,0,NA,0
841,3,53,"1",7,2,2,1,NA,0
842,1,79,"5",7,6,5,0,"Racial Justice",1
842,2,79,"5",7,3,1,0,NA,1
842,3,79,"5",7,7,2,0,"Climate",1
843,1,58,"4",5,5,5,1,NA,1
843,2,58,"4",5,6,5,0,NA,1
843,3,58,"4",5,7,1,1,"Climate",1
844,1,36,"1",6,4,2,0,NA,1
844,2,36,"1",6,6,2,0,NA,1
844,3,36,"1",6,6,2,0,"Racial Justice",0
845,1,65,"1",3,7,5,1,NA,0
845,2,65,"1",3,4,5,0,NA,0
845,3,65,"1",3,7,3,1,NA,1
846,1,71,"3",2,7,3,0,"Racial Justice",1
846,2,71,"3",2,7,2,0,NA,1
846,3,71,"3",2,3,3,0,"Abortion",1
847,1,63,"4",3,10,5,1,NA,1
847,2,63,"4",3,7,2,1,NA,0
847,3,63,"4",3,6,5,0,"Climate",1
848,1,79,"3",5,1,4,0,NA,1
848,2,79,"3",5,6,2,0,NA,1
848,3,79,"3",5,8,5,0,"Climate",1
849,1,78,"4",7,5,0,1,"Abortion",1
849,2,78,"4",7,7,2,0,NA,1
849,3,78,"4",7,9,3,0,"Racial Justice",1
850,1,75,"3",7,3,3,1,"Economy",1
850,2,75,"3",7,5,4,0,"Abortion",0
850,3,75,"3",7,6,0,0,"Climate",1
851,1,80,"5",6,1,5,0,"Climate",1
851,2,80,"5",6,4,4,0,NA,0
851,3,80,"5",6,6,2,0,NA,0
852,1,67,"2",4,2,1,0,NA,0
852,2,67,"2",4,5,1,0,NA,1
852,3,67,"2",4,7,1,1,"Racial Justice",0
853,1,70,"3",6,4,5,1,"Racial Justice",1
853,2,70,"3",6,2,5,0,"Racial Justice",0
853,3,70,"3",6,4,5,0,"Racial Justice",1
854,1,29,"3",5,7,1,0,"Climate",1
854,2,29,"3",5,5,3,0,"Racial Justice",0
854,3,29,"3",5,6,3,0,"Economy",1
855,1,18,"1",4,4,2,1,NA,0
855,2,18,"1",4,2,1,0,NA,1
855,3,18,"1",4,4,5,1,"Abortion",1
856,1,19,"5",2,5,5,1,"Racial Justice",1
856,2,19,"5",2,2,3,0,NA,0
856,3,19,"5",2,7,1,0,"Climate",1
857,1,76,"2",3,8,2,0,NA,0
857,2,76,"2",3,7,3,0,"Racial Justice",1
857,3,76,"2",3,2,3,0,"Economy",1
858,1,75,"5",3,5,4,0,NA,1
858,2,75,"5",3,3,3,0,"Climate",1
858,3,75,"5",3,5,3,1,NA,1
859,1,74,"1",3,5,2,0,NA,1
859,2,74,"1",3,4,1,1,"Economy",1
859,3,74,"1",3,3,3,1,NA,1
860,1,61,"2",2,10,5,0,NA,0
860,2,61,"2",2,5,4,0,NA,1
860,3,61,"2",2,5,3,1,"Climate",1
861,1,66,"3",4,6,0,0,NA,0
861,2,66,"3",4,4,1,0,"Economy",1
861,3,66,"3",4,5,3,1,"Abortion",1
862,1,26,"2",1,2,0,0,NA,1
862,2,26,"2",1,3,4,0,NA,1
862,3,26,"2",1,5,3,0,"Racial Justice",1
863,1,43,"2",3,7,2,1,NA,0
863,2,43,"2",3,8,1,0,"Climate",1
863,3,43,"2",3,2,3,0,"Abortion",1
864,1,80,"5",1,9,1,0,"Economy",1
864,2,80,"5",1,6,4,0,NA,1
864,3,80,"5",1,8,4,0,NA,1
865,1,26,"3",5,5,5,0,"Economy",1
865,2,26,"3",5,4,2,1,"Abortion",0
865,3,26,"3",5,5,2,0,NA,1
866,1,35,"2",2,7,4,0,"Racial Justice",1
866,2,35,"2",2,6,5,1,NA,1
866,3,35,"2",2,5,3,0,NA,1
867,1,70,"3",3,1,4,0,"Climate",1
867,2,70,"3",3,5,0,0,NA,1
867,3,70,"3",3,7,3,0,"Abortion",1
868,1,39,"1",5,10,4,0,"Racial Justice",0
868,2,39,"1",5,6,1,1,"Racial Justice",1
868,3,39,"1",5,3,5,0,"Climate",0
869,1,80,"2",6,7,4,0,"Abortion",0
869,2,80,"2",6,6,5,0,NA,0
869,3,80,"2",6,1,1,0,"Climate",0
870,1,60,"5",2,7,3,0,NA,1
870,2,60,"5",2,4,3,0,"Abortion",1
870,3,60,"5",2,3,4,0,"Climate",0
871,1,56,"2",6,6,2,0,"Racial Justice",1
871,2,56,"2",6,5,2,0,NA,0
871,3,56,"2",6,4,2,1,NA,1
872,1,63,"3",1,4,0,0,NA,1
872,2,63,"3",1,4,3,1,NA,1
872,3,63,"3",1,3,1,0,NA,1
873,1,80,"3",1,8,4,1,"Abortion",0
873,2,80,"3",1,4,2,0,NA,0
873,3,80,"3",1,7,0,0,"Climate",0
874,1,23,"2",7,5,5,1,"Racial Justice",1
874,2,23,"2",7,5,0,0,NA,1
874,3,23,"2",7,4,4,0,"Racial Justice",1
875,1,20,"5",6,0,0,0,"Abortion",1
875,2,20,"5",6,2,5,1,"Climate",1
875,3,20,"5",6,7,1,1,NA,0
876,1,74,"2",3,10,2,1,NA,0
876,2,74,"2",3,5,0,0,NA,1
876,3,74,"2",3,3,2,1,NA,1
877,1,43,"1",1,7,3,0,NA,1
877,2,43,"1",1,2,5,0,NA,1
877,3,43,"1",1,8,2,0,NA,1
878,1,40,"3",7,5,1,0,NA,0
878,2,40,"3",7,5,1,1,"Abortion",0
878,3,40,"3",7,3,4,0,NA,1
879,1,66,"1",4,6,4,1,NA,1
879,2,66,"1",4,4,1,0,"Climate",1
879,3,66,"1",4,5,5,0,NA,0
880,1,52,"4",1,3,5,1,"Climate",1
880,2,52,"4",1,5,1,0,NA,1
880,3,52,"4",1,5,3,0,NA,0
881,1,35,"3",2,9,2,0,NA,1
881,2,35,"3",2,4,3,1,"Climate",1
881,3,35,"3",2,3,4,0,NA,0
882,1,25,"2",1,6,5,0,"Climate",0
882,2,25,"2",1,1,4,1,NA,1
882,3,25,"2",1,7,1,0,NA,1
883,1,66,"4",2,3,3,1,"Abortion",1
883,2,66,"4",2,7,0,0,"Climate",0
883,3,66,"4",2,1,3,0,NA,1
884,1,74,"2",3,6,2,0,NA,1
884,2,74,"2",3,4,2,0,"Economy",1
884,3,74,"2",3,8,2,1,"Economy",0
885,1,55,"5",3,3,1,0,"Abortion",1
885,2,55,"5",3,5,1,0,"Climate",0
885,3,55,"5",3,6,3,0,"Climate",0
886,1,48,"4",1,3,0,0,NA,0
886,2,48,"4",1,4,3,0,"Economy",1
886,3,48,"4",1,5,4,0,NA,1
887,1,21,"4",7,1,5,0,NA,1
887,2,21,"4",7,5,1,0,NA,1
887,3,21,"4",7,4,2,0,"Economy",1
888,1,56,"2",7,3,2,0,NA,1
888,2,56,"2",7,6,5,0,"Racial Justice",0
888,3,56,"2",7,3,2,0,NA,1
889,1,54,"3",6,6,1,1,"Economy",0
889,2,54,"3",6,5,3,1,NA,1
889,3,54,"3",6,8,0,0,NA,0
890,1,38,"1",4,5,4,0,NA,1
890,2,38,"1",4,5,0,0,NA,1
890,3,38,"1",4,0,5,1,"Economy",1
891,1,55,"1",2,2,1,0,NA,1
891,2,55,"1",2,6,1,0,"Abortion",1
891,3,55,"1",2,5,5,0,NA,1
892,1,18,"3",6,9,5,0,"Economy",1
892,2,18,"3",6,6,5,1,NA,0
892,3,18,"3",6,9,2,0,NA,1
893,1,64,"3",5,4,1,1,NA,1
893,2,64,"3",5,4,2,0,"Racial Justice",1
893,3,64,"3",5,4,1,0,"Racial Justice",0
894,1,76,"4",1,2,5,0,"Climate",0
894,2,76,"4",1,7,3,1,NA,1
894,3,76,"4",1,4,5,0,"Economy",1
895,1,22,"5",3,6,4,1,"Economy",1
895,2,22,"5",3,5,2,0,"Climate",0
895,3,22,"5",3,5,3,0,"Racial Justice",1
896,1,72,"2",7,6,1,1,NA,1
896,2,72,"2",7,5,3,0,"Abortion",0
896,3,72,"2",7,3,1,1,NA,0
897,1,28,"5",7,5,5,0,"Climate",1
897,2,28,"5",7,3,0,0,NA,0
897,3,28,"5",7,3,4,0,"Climate",1
898,1,43,"1",6,7,3,0,NA,0
898,2,43,"1",6,4,4,1,"Racial Justice",1
898,3,43,"1",6,4,5,0,NA,1
899,1,45,"4",2,7,5,0,NA,0
899,2,45,"4",2,5,0,0,NA,0
899,3,45,"4",2,5,3,1,"Abortion",1
900,1,21,"2",5,7,3,0,"Abortion",0
900,2,21,"2",5,7,4,1,"Abortion",1
900,3,21,"2",5,6,4,1,"Climate",0
901,1,49,"3",7,6,5,1,"Abortion",0
901,2,49,"3",7,7,4,0,"Economy",1
901,3,49,"3",7,1,1,1,"Climate",0
902,1,60,"3",1,7,1,0,"Abortion",1
902,2,60,"3",1,7,5,0,NA,0
902,3,60,"3",1,6,2,1,"Climate",1
903,1,64,"1",4,4,2,0,NA,0
903,2,64,"1",4,3,0,0,NA,1
903,3,64,"1",4,6,3,0,"Climate",1
904,1,21,"1",3,4,0,0,"Climate",0
904,2,21,"1",3,2,1,0,NA,0
904,3,21,"1",3,6,1,0,"Climate",1
905,1,31,"2",4,6,1,0,"Climate",1
905,2,31,"2",4,2,0,0,NA,0
905,3,31,"2",4,6,2,0,NA,1
906,1,31,"5",7,2,0,1,"Racial Justice",1
906,2,31,"5",7,7,1,0,"Climate",0
906,3,31,"5",7,5,0,0,"Racial Justice",1
907,1,56,"3",4,3,3,1,"Racial Justice",1
907,2,56,"3",4,4,1,0,"Climate",1
907,3,56,"3",4,6,0,0,"Climate",1
908,1,70,"4",4,3,1,0,NA,1
908,2,70,"4",4,1,5,0,NA,0
908,3,70,"4",4,2,3,0,NA,1
909,1,22,"4",2,7,4,0,"Abortion",0
909,2,22,"4",2,5,0,0,"Climate",1
909,3,22,"4",2,5,5,1,NA,1
910,1,57,"3",6,6,2,0,"Climate",0
910,2,57,"3",6,4,0,1,NA,0
910,3,57,"3",6,7,5,0,"Racial Justice",1
911,1,33,"1",2,8,4,0,NA,1
911,2,33,"1",2,6,2,1,"Climate",1
911,3,33,"1",2,7,1,0,NA,1
912,1,79,"2",7,4,5,0,"Climate",1
912,2,79,"2",7,4,0,1,"Economy",1
912,3,79,"2",7,9,3,0,"Racial Justice",0
913,1,30,"4",5,8,4,0,NA,1
913,2,30,"4",5,6,0,1,NA,1
913,3,30,"4",5,5,1,0,"Racial Justice",0
914,1,30,"2",2,7,3,1,"Racial Justice",1
914,2,30,"2",2,1,3,0,NA,0
914,3,30,"2",2,3,0,1,NA,1
915,1,34,"2",7,5,0,1,NA,1
915,2,34,"2",7,4,3,0,NA,1
915,3,34,"2",7,1,1,0,NA,1
916,1,19,"2",5,4,3,0,NA,0
916,2,19,"2",5,6,0,0,NA,0
916,3,19,"2",5,6,5,1,"Economy",1
917,1,26,"2",6,8,3,0,"Racial Justice",1
917,2,26,"2",6,4,1,0,"Abortion",1
917,3,26,"2",6,3,1,1,"Climate",1
918,1,77,"4",7,9,3,0,"Abortion",1
918,2,77,"4",7,5,5,0,NA,0
918,3,77,"4",7,6,1,0,NA,1
919,1,77,"3",6,7,5,0,NA,1
919,2,77,"3",6,2,0,0,NA,1
919,3,77,"3",6,6,3,0,NA,1
920,1,31,"5",6,8,5,0,NA,1
920,2,31,"5",6,8,2,0,NA,1
920,3,31,"5",6,4,4,0,NA,0
921,1,28,"5",7,8,0,0,"Racial Justice",1
921,2,28,"5",7,6,0,0,NA,1
921,3,28,"5",7,4,3,0,NA,1
922,1,38,"2",5,7,5,0,NA,0
922,2,38,"2",5,9,1,0,NA,1
922,3,38,"2",5,3,5,0,"Racial Justice",1
923,1,58,"2",7,7,3,0,"Climate",1
923,2,58,"2",7,7,0,0,NA,1
923,3,58,"2",7,3,0,0,"Climate",1
924,1,63,"4",3,4,2,1,"Climate",1
924,2,63,"4",3,3,1,0,NA,1
924,3,63,"4",3,5,1,0,NA,1
925,1,60,"1",1,5,1,0,NA,1
925,2,60,"1",1,3,2,0,"Climate",1
925,3,60,"1",1,5,3,1,"Climate",1
926,1,23,"4",4,9,5,0,"Abortion",0
926,2,23,"4",4,9,0,0,NA,0
926,3,23,"4",4,2,4,0,NA,1
927,1,70,"1",5,6,4,0,"Climate",1
927,2,70,"1",5,9,1,0,"Economy",1
927,3,70,"1",5,4,2,0,NA,1
928,1,38,"2",7,7,0,0,"Racial Justice",0
928,2,38,"2",7,4,0,1,"Racial Justice",0
928,3,38,"2",7,6,2,0,"Economy",1
929,1,45,"5",2,8,0,0,"Racial Justice",0
929,2,45,"5",2,7,0,0,"Racial Justice",0
929,3,45,"5",2,5,5,0,NA,0
930,1,50,"5",7,5,4,0,NA,1
930,2,50,"5",7,9,1,1,"Abortion",1
930,3,50,"5",7,5,0,1,"Racial Justice",0
931,1,53,"5",5,4,2,1,"Abortion",1
931,2,53,"5",5,5,3,0,NA,1
931,3,53,"5",5,6,4,1,"Racial Justice",1
932,1,75,"3",5,6,3,0,NA,1
932,2,75,"3",5,6,3,0,"Racial Justice",1
932,3,75,"3",5,8,3,1,NA,0
933,1,53,"5",3,6,2,1,"Abortion",1
933,2,53,"5",3,5,1,0,NA,1
933,3,53,"5",3,7,4,0,NA,1
934,1,51,"5",3,4,5,0,"Racial Justice",1
934,2,51,"5",3,4,5,0,"Racial Justice",1
934,3,51,"5",3,7,4,0,"Racial Justice",1
935,1,47,"3",5,6,4,1,NA,1
935,2,47,"3",5,1,3,0,NA,1
935,3,47,"3",5,4,0,0,NA,1
936,1,77,"2",3,6,3,1,NA,0
936,2,77,"2",3,4,4,0,NA,1
936,3,77,"2",3,7,0,0,"Racial Justice",1
937,1,41,"2",3,7,2,1,NA,0
937,2,41,"2",3,5,3,0,"Climate",1
937,3,41,"2",3,6,5,0,NA,0
938,1,48,"5",7,6,3,0,"Racial Justice",1
938,2,48,"5",7,4,4,0,"Economy",1
938,3,48,"5",7,7,5,0,NA,1
939,1,20,"3",7,5,3,0,NA,0
939,2,20,"3",7,7,4,0,NA,0
939,3,20,"3",7,7,0,1,NA,1
940,1,33,"3",2,5,5,0,NA,1
940,2,33,"3",2,6,5,1,NA,0
940,3,33,"3",2,3,5,0,"Abortion",0
941,1,68,"5",2,1,1,0,NA,1
941,2,68,"5",2,3,1,0,NA,1
941,3,68,"5",2,7,1,0,"Racial Justice",1
942,1,34,"5",5,6,0,0,"Economy",0
942,2,34,"5",5,3,4,0,"Racial Justice",1
942,3,34,"5",5,6,3,0,NA,1
943,1,30,"1",6,5,5,1,"Abortion",1
943,2,30,"1",6,5,0,1,NA,0
943,3,30,"1",6,3,2,0,"Racial Justice",1
944,1,31,"1",4,5,5,0,"Abortion",1
944,2,31,"1",4,8,0,1,NA,0
944,3,31,"1",4,4,0,0,NA,1
945,1,47,"5",6,3,3,0,NA,1
945,2,47,"5",6,6,5,0,NA,1
945,3,47,"5",6,6,2,0,NA,1
946,1,30,"1",3,3,4,0,NA,1
946,2,30,"1",3,6,2,0,"Racial Justice",0
946,3,30,"1",3,1,0,0,"Racial Justice",0
947,1,77,"1",7,8,1,0,NA,1
947,2,77,"1",7,9,5,0,NA,0
947,3,77,"1",7,3,0,0,"Climate",0
948,1,49,"2",7,5,5,0,"Abortion",1
948,2,49,"2",7,8,5,1,NA,1
948,3,49,"2",7,7,4,1,"Racial Justice",0
949,1,68,"1",6,10,2,0,NA,1
949,2,68,"1",6,8,2,1,"Climate",1
949,3,68,"1",6,5,3,0,"Climate",1
950,1,80,"1",4,0,0,0,"Climate",0
950,2,80,"1",4,2,0,1,"Climate",1
950,3,80,"1",4,2,0,0,"Racial Justice",1
951,1,26,"3",5,6,5,0,"Economy",1
951,2,26,"3",5,4,3,0,NA,1
951,3,26,"3",5,8,2,0,NA,1
952,1,33,"5",4,2,5,1,NA,1
952,2,33,"5",4,4,4,0,"Climate",1
952,3,33,"5",4,5,3,0,NA,1
953,1,64,"1",3,5,2,1,NA,1
953,2,64,"1",3,4,4,0,"Racial Justice",1
953,3,64,"1",3,1,4,0,NA,1
954,1,76,"1",6,3,2,0,"Economy",1
954,2,76,"1",6,6,4,0,"Abortion",1
954,3,76,"1",6,3,4,0,NA,1
955,1,53,"1",3,1,4,0,NA,1
955,2,53,"1",3,2,4,0,NA,1
955,3,53,"1",3,4,4,0,"Racial Justice",1
956,1,62,"1",4,2,2,0,NA,1
956,2,62,"1",4,5,3,0,NA,1
956,3,62,"1",4,5,2,0,NA,1
957,1,30,"4",3,6,3,0,"Economy",1
957,2,30,"4",3,4,3,1,NA,0
957,3,30,"4",3,4,3,1,NA,1
958,1,63,"1",6,4,4,0,NA,1
958,2,63,"1",6,4,4,0,NA,1
958,3,63,"1",6,5,0,0,NA,0
959,1,79,"2",7,8,3,0,"Abortion",1
959,2,79,"2",7,5,3,0,NA,1
959,3,79,"2",7,5,2,0,"Climate",1
960,1,49,"5",2,6,4,1,"Racial Justice",0
960,2,49,"5",2,2,3,0,"Racial Justice",0
960,3,49,"5",2,5,1,1,"Racial Justice",0
961,1,37,"3",5,3,0,0,"Abortion",1
961,2,37,"3",5,4,4,0,NA,0
961,3,37,"3",5,5,0,1,NA,0
962,1,48,"2",7,4,4,0,"Racial Justice",1
962,2,48,"2",7,3,2,0,"Racial Justice",1
962,3,48,"2",7,3,0,0,NA,1
963,1,48,"4",2,1,4,0,NA,0
963,2,48,"4",2,7,2,0,NA,0
963,3,48,"4",2,3,1,1,NA,1
964,1,35,"4",3,6,0,1,NA,1
964,2,35,"4",3,5,4,0,NA,1
964,3,35,"4",3,4,5,0,"Racial Justice",0
965,1,58,"3",6,3,2,0,NA,1
965,2,58,"3",6,4,3,1,NA,1
965,3,58,"3",6,3,1,0,NA,1
966,1,31,"3",5,4,5,0,NA,1
966,2,31,"3",5,4,5,0,NA,1
966,3,31,"3",5,6,3,0,"Climate",1
967,1,27,"1",5,7,1,0,NA,1
967,2,27,"1",5,8,0,0,NA,1
967,3,27,"1",5,3,5,0,"Climate",1
968,1,41,"5",2,4,5,0,NA,1
968,2,41,"5",2,4,3,0,NA,1
968,3,41,"5",2,2,5,0,NA,0
969,1,39,"5",2,4,5,0,"Racial Justice",1
969,2,39,"5",2,6,0,0,NA,1
969,3,39,"5",2,7,2,1,NA,0
970,1,76,"1",5,4,0,1,"Abortion",1
970,2,76,"1",5,7,3,1,NA,1
970,3,76,"1",5,4,1,0,"Abortion",0
971,1,25,"2",7,4,1,0,"Climate",1
971,2,25,"2",7,5,2,1,"Racial Justice",1
971,3,25,"2",7,5,2,0,NA,0
972,1,40,"2",4,6,4,1,NA,1
972,2,40,"2",4,5,1,0,"Racial Justice",1
972,3,40,"2",4,5,4,0,NA,1
973,1,39,"2",2,6,1,0,"Racial Justice",1
973,2,39,"2",2,4,4,0,"Economy",1
973,3,39,"2",2,5,5,0,NA,0
974,1,53,"3",3,7,4,1,NA,1
974,2,53,"3",3,4,1,0,"Climate",1
974,3,53,"3",3,7,2,1,NA,1
975,1,31,"1",5,3,3,0,"Racial Justice",1
975,2,31,"1",5,3,4,1,"Climate",1
975,3,31,"1",5,3,1,0,NA,0
976,1,50,"1",6,6,1,0,NA,1
976,2,50,"1",6,7,2,0,"Racial Justice",0
976,3,50,"1",6,5,5,0,NA,1
977,1,32,"4",6,5,4,0,"Racial Justice",0
977,2,32,"4",6,2,3,0,"Economy",0
977,3,32,"4",6,4,2,0,"Climate",1
978,1,59,"4",4,5,5,0,"Economy",1
978,2,59,"4",4,9,5,0,NA,1
978,3,59,"4",4,1,3,0,NA,0
979,1,47,"2",5,6,3,1,NA,1
979,2,47,"2",5,6,1,1,"Abortion",1
979,3,47,"2",5,5,0,0,NA,1
980,1,51,"2",6,4,2,1,NA,0
980,2,51,"2",6,5,0,0,"Racial Justice",0
980,3,51,"2",6,5,4,0,"Racial Justice",0
981,1,39,"5",7,9,4,0,"Racial Justice",0
981,2,39,"5",7,9,1,1,"Climate",1
981,3,39,"5",7,3,2,1,NA,1
982,1,57,"2",1,3,4,1,"Economy",1
982,2,57,"2",1,7,0,1,NA,0
982,3,57,"2",1,7,5,0,"Climate",1
983,1,59,"4",3,0,3,0,"Abortion",1
983,2,59,"4",3,5,0,1,NA,0
983,3,59,"4",3,5,3,1,"Climate",1
984,1,80,"5",3,6,0,1,"Racial Justice",1
984,2,80,"5",3,3,5,0,NA,1
984,3,80,"5",3,5,0,0,"Economy",0
985,1,43,"1",2,5,3,0,"Economy",1
985,2,43,"1",2,0,0,1,"Climate",1
985,3,43,"1",2,3,3,0,NA,0
986,1,18,"3",5,6,0,0,NA,0
986,2,18,"3",5,6,3,0,NA,1
986,3,18,"3",5,9,2,0,NA,1
987,1,53,"5",1,6,1,0,"Climate",1
987,2,53,"5",1,6,4,0,NA,0
987,3,53,"5",1,6,5,0,"Racial Justice",1
988,1,49,"2",6,5,5,0,"Climate",1
988,2,49,"2",6,7,4,0,NA,1
988,3,49,"2",6,6,3,1,"Economy",1
989,1,57,"5",4,3,2,0,"Abortion",1
989,2,57,"5",4,3,0,1,"Economy",1
989,3,57,"5",4,6,2,0,NA,1
990,1,18,"5",1,5,5,0,"Economy",1
990,2,18,"5",1,7,5,0,"Economy",0
990,3,18,"5",1,2,1,0,"Climate",1
991,1,80,"2",3,8,2,0,NA,0
991,2,80,"2",3,4,0,1,NA,1
991,3,80,"2",3,2,0,0,"Economy",0
992,1,24,"4",3,5,0,0,"Abortion",1
992,2,24,"4",3,4,3,1,"Abortion",0
992,3,24,"4",3,9,0,0,"Racial Justice",1
993,1,66,"4",6,8,2,0,"Economy",1
993,2,66,"4",6,5,5,0,NA,1
993,3,66,"4",6,4,0,1,"Abortion",1
994,1,37,"5",3,3,3,0,"Abortion",1
994,2,37,"5",3,1,4,1,"Racial Justice",0
994,3,37,"5",3,5,5,0,"Racial Justice",1
995,1,35,"3",1,2,2,1,NA,1
995,2,35,"3",1,4,3,0,"Racial Justice",0
995,3,35,"3",1,4,4,0,"Racial Justice",1
996,1,20,"2",2,4,0,0,NA,1
996,2,20,"2",2,8,5,0,NA,0
996,3,20,"2",2,7,0,0,NA,0
997,1,39,"5",2,6,3,0,NA,1
997,2,39,"5",2,3,0,0,"Climate",1
997,3,39,"5",2,3,0,0,"Economy",1
998,1,76,"4",3,2,5,0,NA,0
998,2,76,"4",3,0,5,0,NA,0
998,3,76,"4",3,2,0,0,"Climate",1
999,1,61,"3",1,4,3,0,"Racial Justice",1
999,2,61,"3",1,7,3,0,NA,0
999,3,61,"3",1,4,1,0,"Racial Justice",1
1000,1,23,"5",7,6,4,1,NA,0
1000,2,23,"5",7,7,3,0,NA,1
1000,3,23,"5",7,5,5,0,"Economy",1
