"person_id","quarter","age","employment_status","hours_volunteered","cause_area","religiosity"
1,2024-01-01,46,"Part",4,"NA",4.4
1,2024-04-01,46,"Part",1,"Education",5.7
1,2024-07-01,46,"Part",2,"Education",4.1
1,2024-10-01,46,"Part",4,"Health",2.1
2,2024-01-01,73,"Part",3,"NA",2.6
2,2024-04-01,73,"Part",2,"Environment",4
2,2024-07-01,73,"Part",1,"Faith",0
2,2024-10-01,73,"Part",4,"Faith",5.2
3,2024-01-01,52,"Retired",2,"Faith",3.4
3,2024-04-01,52,"Retired",5,"Environment",7.7
3,2024-07-01,52,"Retired",3,"Health",5.4
3,2024-10-01,52,"Retired",5,"Other",5.9
4,2024-01-01,52,"Part",6,"Environment",9
4,2024-04-01,52,"Part",5,"Education",3.1
4,2024-07-01,52,"Part",5,"Environment",4.5
4,2024-10-01,52,"Part",3,"Other",2.2
5,2024-01-01,73,"Full",1,"Education",7.2
5,2024-04-01,73,"Full",2,"Other",4.3
5,2024-07-01,73,"Full",2,"Environment",5.1
5,2024-10-01,73,"Full",1,"Faith",5.9
6,2024-01-01,71,"Full",2,"Faith",8
6,2024-04-01,71,"Full",3,"Faith",5.3
6,2024-07-01,71,"Full",5,"Faith",1
6,2024-10-01,71,"Full",5,"Education",9.1
7,2024-01-01,71,"Full",6,"Environment",8.5
7,2024-04-01,71,"Full",4,"NA",1.4
7,2024-07-01,71,"Full",2,"Other",5.5
7,2024-10-01,71,"Full",2,"Other",3.1
8,2024-01-01,45,"Full",5,"Other",7.7
8,2024-04-01,45,"Full",4,"NA",5.7
8,2024-07-01,45,"Full",2,"NA",7.9
8,2024-10-01,45,"Full",9,"Environment",6.7
9,2024-01-01,69,"Part",1,"Faith",4.4
9,2024-04-01,69,"Part",1,"Environment",6.5
9,2024-07-01,69,"Part",2,"Environment",4.7
9,2024-10-01,69,"Part",4,"Health",5.1
10,2024-01-01,55,"Full",2,"Education",6.3
10,2024-04-01,55,"Full",4,"NA",4.4
10,2024-07-01,55,"Full",2,"Health",6.9
10,2024-10-01,55,"Full",1,"Other",3.2
11,2024-01-01,33,"Retired",7,"Health",9.2
11,2024-04-01,33,"Retired",4,"Environment",2
11,2024-07-01,33,"Retired",5,"Education",3.9
11,2024-10-01,33,"Retired",4,"Environment",3.2
12,2024-01-01,72,"Unemp",1,"NA",0
12,2024-04-01,72,"Unemp",3,"NA",4.1
12,2024-07-01,72,"Unemp",1,"NA",4.7
12,2024-10-01,72,"Unemp",4,"NA",6.2
13,2024-01-01,37,"Retired",6,"Faith",7.7
13,2024-04-01,37,"Retired",2,"Health",2.3
13,2024-07-01,37,"Retired",1,"Education",7.6
13,2024-10-01,37,"Retired",1,"Health",4.4
14,2024-01-01,71,"Unemp",10,"Education",6.1
14,2024-04-01,71,"Unemp",5,"NA",6.1
14,2024-07-01,71,"Unemp",5,"Education",3.7
14,2024-10-01,71,"Unemp",3,"Environment",5.4
15,2024-01-01,73,"Full",4,"Environment",7.2
15,2024-04-01,73,"Full",4,"Other",7.8
15,2024-07-01,73,"Full",3,"Environment",4.5
15,2024-10-01,73,"Full",6,"NA",2.6
16,2024-01-01,32,"Full",2,"Environment",3.9
16,2024-04-01,32,"Full",3,"Education",6.1
16,2024-07-01,32,"Full",2,"NA",3.5
16,2024-10-01,32,"Full",4,"NA",3.1
17,2024-01-01,27,"Full",4,"Faith",4.8
17,2024-04-01,27,"Full",2,"Faith",7.1
17,2024-07-01,27,"Full",4,"Other",1.3
17,2024-10-01,27,"Full",0,"Health",0.8
18,2024-01-01,63,"Unemp",3,"Environment",2.2
18,2024-04-01,63,"Unemp",3,"Environment",6
18,2024-07-01,63,"Unemp",2,"Health",6.2
18,2024-10-01,63,"Unemp",3,"Other",8.9
19,2024-01-01,38,"Retired",2,"Education",0.5
19,2024-04-01,38,"Retired",5,"Faith",5.9
19,2024-07-01,38,"Retired",8,"Faith",6.3
19,2024-10-01,38,"Retired",4,"Other",3
20,2024-01-01,68,"Unemp",0,"NA",2.2
20,2024-04-01,68,"Unemp",3,"Faith",2.5
20,2024-07-01,68,"Unemp",4,"Faith",2.1
20,2024-10-01,68,"Unemp",6,"Education",8.5
21,2024-01-01,61,"Unemp",4,"NA",6.9
21,2024-04-01,61,"Unemp",5,"Health",5.6
21,2024-07-01,61,"Unemp",4,"Faith",4.2
21,2024-10-01,61,"Unemp",4,"Health",6.2
22,2024-01-01,53,"Retired",2,"Education",2.2
22,2024-04-01,53,"Retired",2,"Education",2.4
22,2024-07-01,53,"Retired",2,"NA",5.5
22,2024-10-01,53,"Retired",3,"Education",4.8
23,2024-01-01,73,"Full",3,"NA",5.2
23,2024-04-01,73,"Full",0,"Education",5.3
23,2024-07-01,73,"Full",3,"Environment",4.8
23,2024-10-01,73,"Full",5,"NA",4.9
24,2024-01-01,49,"Part",4,"Other",6.4
24,2024-04-01,49,"Part",3,"Environment",6
24,2024-07-01,49,"Part",2,"Education",4.3
24,2024-10-01,49,"Part",1,"Health",2.1
25,2024-01-01,60,"Unemp",3,"Faith",5.4
25,2024-04-01,60,"Unemp",4,"Environment",1
25,2024-07-01,60,"Unemp",3,"Health",7
25,2024-10-01,60,"Unemp",1,"Faith",1.5
26,2024-01-01,63,"Full",7,"Environment",4.7
26,2024-04-01,63,"Full",3,"Faith",6.5
26,2024-07-01,63,"Full",5,"Education",2.9
26,2024-10-01,63,"Full",3,"NA",5.7
27,2024-01-01,30,"Unemp",1,"Faith",0.9
27,2024-04-01,30,"Unemp",1,"Environment",6.4
27,2024-07-01,30,"Unemp",3,"NA",3
27,2024-10-01,30,"Unemp",4,"Faith",4.3
28,2024-01-01,55,"Full",5,"Faith",2.4
28,2024-04-01,55,"Full",3,"Health",3.9
28,2024-07-01,55,"Full",0,"NA",2.2
28,2024-10-01,55,"Full",3,"Health",9.8
29,2024-01-01,55,"Part",4,"NA",5.4
29,2024-04-01,55,"Part",3,"NA",2.7
29,2024-07-01,55,"Part",2,"NA",4.7
29,2024-10-01,55,"Part",2,"Environment",5.4
30,2024-01-01,30,"Unemp",6,"Health",3.1
30,2024-04-01,30,"Unemp",2,"Environment",1.5
30,2024-07-01,30,"Unemp",3,"Education",4.5
30,2024-10-01,30,"Unemp",0,"NA",1.3
31,2024-01-01,34,"Part",3,"Education",2.5
31,2024-04-01,34,"Part",3,"Health",2.8
31,2024-07-01,34,"Part",3,"Health",6.6
31,2024-10-01,34,"Part",3,"Other",6.1
32,2024-01-01,68,"Full",3,"Faith",0.3
32,2024-04-01,68,"Full",2,"Education",3.8
32,2024-07-01,68,"Full",4,"Education",5.6
32,2024-10-01,68,"Full",2,"NA",7.1
33,2024-01-01,27,"Retired",1,"Health",5
33,2024-04-01,27,"Retired",3,"Environment",3.7
33,2024-07-01,27,"Retired",0,"Environment",1.7
33,2024-10-01,27,"Retired",5,"NA",3.5
34,2024-01-01,58,"Part",3,"Education",5.2
34,2024-04-01,58,"Part",3,"Faith",5.1
34,2024-07-01,58,"Part",7,"Education",4.8
34,2024-10-01,58,"Part",1,"NA",6.3
35,2024-01-01,40,"Retired",2,"Other",5.7
35,2024-04-01,40,"Retired",4,"Education",7
35,2024-07-01,40,"Retired",2,"Environment",2.1
35,2024-10-01,40,"Retired",5,"Health",2
36,2024-01-01,29,"Retired",2,"Health",3.7
36,2024-04-01,29,"Retired",3,"Other",4
36,2024-07-01,29,"Retired",5,"Health",3.7
36,2024-10-01,29,"Retired",3,"Education",7.7
37,2024-01-01,63,"Full",0,"Environment",4.5
37,2024-04-01,63,"Full",2,"Environment",4.6
37,2024-07-01,63,"Full",4,"Faith",1.2
37,2024-10-01,63,"Full",2,"Environment",8.1
38,2024-01-01,72,"Unemp",3,"Environment",2.2
38,2024-04-01,72,"Unemp",1,"Environment",5.4
38,2024-07-01,72,"Unemp",1,"NA",4.2
38,2024-10-01,72,"Unemp",1,"Environment",3.4
39,2024-01-01,25,"Part",3,"Education",9.5
39,2024-04-01,25,"Part",1,"Education",3.9
39,2024-07-01,25,"Part",2,"Faith",4.4
39,2024-10-01,25,"Part",1,"Environment",5
40,2024-01-01,49,"Full",5,"Environment",5.4
40,2024-04-01,49,"Full",5,"Faith",3.4
40,2024-07-01,49,"Full",3,"NA",1.5
40,2024-10-01,49,"Full",4,"Environment",6
41,2024-01-01,28,"Retired",1,"Education",6.5
41,2024-04-01,28,"Retired",5,"Faith",6.9
41,2024-07-01,28,"Retired",3,"Faith",7.1
41,2024-10-01,28,"Retired",5,"NA",2.8
42,2024-01-01,18,"Unemp",2,"NA",5
42,2024-04-01,18,"Unemp",3,"Education",2.1
42,2024-07-01,18,"Unemp",2,"NA",4
42,2024-10-01,18,"Unemp",1,"Faith",6.1
43,2024-01-01,59,"Unemp",1,"Faith",4.7
43,2024-04-01,59,"Unemp",4,"NA",1.9
43,2024-07-01,59,"Unemp",2,"Faith",5
43,2024-10-01,59,"Unemp",2,"Other",6.5
44,2024-01-01,70,"Part",4,"Environment",5.6
44,2024-04-01,70,"Part",5,"Education",5.9
44,2024-07-01,70,"Part",3,"NA",3.5
44,2024-10-01,70,"Part",4,"Faith",8.6
45,2024-01-01,50,"Part",1,"Other",9.3
45,2024-04-01,50,"Part",2,"Environment",4.5
45,2024-07-01,50,"Part",5,"Other",6.5
45,2024-10-01,50,"Part",3,"NA",0.4
46,2024-01-01,35,"Retired",4,"Environment",5.3
46,2024-04-01,35,"Retired",2,"Health",4
46,2024-07-01,35,"Retired",4,"Education",5.7
46,2024-10-01,35,"Retired",7,"Environment",3.8
47,2024-01-01,66,"Full",5,"Other",3.6
47,2024-04-01,66,"Full",0,"Faith",9
47,2024-07-01,66,"Full",3,"Faith",4.5
47,2024-10-01,66,"Full",5,"Health",5.1
48,2024-01-01,41,"Part",1,"Environment",5.1
48,2024-04-01,41,"Part",0,"Other",4.8
48,2024-07-01,41,"Part",0,"Health",8.8
48,2024-10-01,41,"Part",1,"Education",3.5
49,2024-01-01,54,"Full",2,"Other",6.5
49,2024-04-01,54,"Full",1,"Faith",7.5
49,2024-07-01,54,"Full",0,"Health",2.3
49,2024-10-01,54,"Full",3,"Education",6.4
50,2024-01-01,45,"Part",1,"Health",1.6
50,2024-04-01,45,"Part",2,"Education",6
50,2024-07-01,45,"Part",3,"Education",2.9
50,2024-10-01,45,"Part",4,"Health",2.1
51,2024-01-01,23,"Full",3,"Education",4.1
51,2024-04-01,23,"Full",1,"Environment",4.5
51,2024-07-01,23,"Full",2,"Other",6.6
51,2024-10-01,23,"Full",2,"Education",6
52,2024-01-01,19,"Full",4,"Environment",3.3
52,2024-04-01,19,"Full",2,"Faith",2.2
52,2024-07-01,19,"Full",5,"Other",5.6
52,2024-10-01,19,"Full",4,"Other",4.1
53,2024-01-01,28,"Unemp",7,"Health",1.9
53,2024-04-01,28,"Unemp",1,"Environment",4.3
53,2024-07-01,28,"Unemp",3,"Faith",6.2
53,2024-10-01,28,"Unemp",2,"Faith",5.5
54,2024-01-01,33,"Part",4,"Faith",0.5
54,2024-04-01,33,"Part",6,"NA",6.8
54,2024-07-01,33,"Part",4,"Faith",1.3
54,2024-10-01,33,"Part",3,"Environment",2.8
55,2024-01-01,29,"Part",4,"Other",1.4
55,2024-04-01,29,"Part",2,"Other",1.7
55,2024-07-01,29,"Part",6,"Other",4.1
55,2024-10-01,29,"Part",1,"Environment",1.7
56,2024-01-01,19,"Part",5,"Environment",3.9
56,2024-04-01,19,"Part",2,"Environment",2.7
56,2024-07-01,19,"Part",3,"NA",1.7
56,2024-10-01,19,"Part",4,"Other",1.1
57,2024-01-01,80,"Full",1,"Education",4.3
57,2024-04-01,80,"Full",2,"Environment",6.4
57,2024-07-01,80,"Full",2,"Other",5
57,2024-10-01,80,"Full",2,"Education",3.9
58,2024-01-01,52,"Full",4,"Other",5
58,2024-04-01,52,"Full",3,"Other",4.5
58,2024-07-01,52,"Full",2,"Faith",3.4
58,2024-10-01,52,"Full",1,"Environment",3.4
59,2024-01-01,67,"Full",0,"Faith",4.6
59,2024-04-01,67,"Full",0,"NA",1.9
59,2024-07-01,67,"Full",3,"Other",5.2
59,2024-10-01,67,"Full",2,"Faith",3.8
60,2024-01-01,46,"Part",4,"Education",9.4
60,2024-04-01,46,"Part",6,"Education",3.5
60,2024-07-01,46,"Part",3,"Other",6.1
60,2024-10-01,46,"Part",3,"Faith",6.4
61,2024-01-01,50,"Full",3,"Other",3.4
61,2024-04-01,50,"Full",3,"Environment",2.7
61,2024-07-01,50,"Full",3,"Environment",7.9
61,2024-10-01,50,"Full",2,"Health",6.2
62,2024-01-01,71,"Part",2,"Faith",4.8
62,2024-04-01,71,"Part",2,"Education",2.6
62,2024-07-01,71,"Part",2,"Faith",8.2
62,2024-10-01,71,"Part",2,"NA",10
63,2024-01-01,67,"Full",1,"Faith",2.4
63,2024-04-01,67,"Full",4,"Education",5.2
63,2024-07-01,67,"Full",1,"Faith",8.4
63,2024-10-01,67,"Full",2,"Environment",0
64,2024-01-01,42,"Part",5,"Environment",1
64,2024-04-01,42,"Part",3,"Other",1.1
64,2024-07-01,42,"Part",1,"NA",7.8
64,2024-10-01,42,"Part",4,"NA",8.7
65,2024-01-01,72,"Full",0,"Health",4
65,2024-04-01,72,"Full",7,"NA",5
65,2024-07-01,72,"Full",3,"Faith",2.4
65,2024-10-01,72,"Full",6,"Education",5
66,2024-01-01,49,"Full",3,"Faith",6.1
66,2024-04-01,49,"Full",2,"Other",2.6
66,2024-07-01,49,"Full",6,"NA",4.1
66,2024-10-01,49,"Full",1,"Education",3.7
67,2024-01-01,55,"Retired",2,"Education",3.8
67,2024-04-01,55,"Retired",1,"Faith",3.7
67,2024-07-01,55,"Retired",4,"Environment",4.8
67,2024-10-01,55,"Retired",7,"Other",6
68,2024-01-01,22,"Unemp",2,"Faith",4.6
68,2024-04-01,22,"Unemp",3,"Environment",6.8
68,2024-07-01,22,"Unemp",3,"Health",6.6
68,2024-10-01,22,"Unemp",4,"Other",4.6
69,2024-01-01,38,"Unemp",1,"Other",2.2
69,2024-04-01,38,"Unemp",2,"NA",5.6
69,2024-07-01,38,"Unemp",2,"Other",0
69,2024-10-01,38,"Unemp",2,"NA",6
70,2024-01-01,42,"Unemp",4,"Environment",7.6
70,2024-04-01,42,"Unemp",3,"Health",4.9
70,2024-07-01,42,"Unemp",3,"Faith",4.3
70,2024-10-01,42,"Unemp",2,"Other",0.2
71,2024-01-01,25,"Unemp",3,"Other",1.9
71,2024-04-01,25,"Unemp",6,"NA",1.5
71,2024-07-01,25,"Unemp",5,"Health",4.9
71,2024-10-01,25,"Unemp",2,"Other",7.5
72,2024-01-01,68,"Unemp",2,"Faith",1.6
72,2024-04-01,68,"Unemp",2,"Environment",3.3
72,2024-07-01,68,"Unemp",2,"Environment",5.8
72,2024-10-01,68,"Unemp",3,"Environment",1.1
73,2024-01-01,62,"Part",1,"Faith",5.5
73,2024-04-01,62,"Part",0,"Environment",4.2
73,2024-07-01,62,"Part",0,"Faith",4.3
73,2024-10-01,62,"Part",0,"Health",5.2
74,2024-01-01,35,"Unemp",3,"Faith",8.1
74,2024-04-01,35,"Unemp",2,"NA",4.1
74,2024-07-01,35,"Unemp",6,"Education",7.3
74,2024-10-01,35,"Unemp",2,"NA",3
75,2024-01-01,35,"Unemp",5,"Other",5.6
75,2024-04-01,35,"Unemp",7,"Health",7
75,2024-07-01,35,"Unemp",2,"Other",6.5
75,2024-10-01,35,"Unemp",2,"Other",3.1
76,2024-01-01,67,"Retired",6,"Education",4.6
76,2024-04-01,67,"Retired",2,"Faith",3.8
76,2024-07-01,67,"Retired",3,"Other",4.6
76,2024-10-01,67,"Retired",5,"Faith",1.7
77,2024-01-01,29,"Retired",2,"NA",3.8
77,2024-04-01,29,"Retired",1,"Education",1.6
77,2024-07-01,29,"Retired",6,"Health",8.9
77,2024-10-01,29,"Retired",5,"NA",6.4
78,2024-01-01,58,"Retired",5,"Other",1.5
78,2024-04-01,58,"Retired",2,"Environment",4.9
78,2024-07-01,58,"Retired",4,"Education",3.3
78,2024-10-01,58,"Retired",5,"Other",5.8
79,2024-01-01,50,"Part",1,"Other",9.1
79,2024-04-01,50,"Part",1,"Health",8.7
79,2024-07-01,50,"Part",2,"Health",1.1
79,2024-10-01,50,"Part",3,"Faith",1.3
80,2024-01-01,38,"Retired",2,"Education",1.7
80,2024-04-01,38,"Retired",5,"Environment",5.2
80,2024-07-01,38,"Retired",1,"Environment",2.9
80,2024-10-01,38,"Retired",3,"Faith",9.3
81,2024-01-01,38,"Retired",5,"Faith",7.9
81,2024-04-01,38,"Retired",7,"Health",7.3
81,2024-07-01,38,"Retired",3,"Education",3.8
81,2024-10-01,38,"Retired",3,"Environment",3.2
82,2024-01-01,24,"Part",2,"Other",4.4
82,2024-04-01,24,"Part",2,"Other",1.3
82,2024-07-01,24,"Part",2,"Education",10
82,2024-10-01,24,"Part",3,"Faith",6.1
83,2024-01-01,40,"Retired",4,"Health",8
83,2024-04-01,40,"Retired",3,"Education",1.2
83,2024-07-01,40,"Retired",4,"Other",0
83,2024-10-01,40,"Retired",2,"NA",6.2
84,2024-01-01,25,"Full",0,"Environment",5.4
84,2024-04-01,25,"Full",3,"Faith",4.7
84,2024-07-01,25,"Full",2,"Other",5.7
84,2024-10-01,25,"Full",4,"Health",3.8
85,2024-01-01,70,"Retired",6,"Environment",7
85,2024-04-01,70,"Retired",2,"Other",2.1
85,2024-07-01,70,"Retired",3,"Faith",3.2
85,2024-10-01,70,"Retired",3,"Education",6.3
86,2024-01-01,51,"Part",7,"NA",2.6
86,2024-04-01,51,"Part",4,"Faith",1.9
86,2024-07-01,51,"Part",2,"NA",3.8
86,2024-10-01,51,"Part",1,"Health",3.1
87,2024-01-01,36,"Retired",5,"Environment",4.1
87,2024-04-01,36,"Retired",2,"Other",5.1
87,2024-07-01,36,"Retired",3,"NA",6.9
87,2024-10-01,36,"Retired",4,"Environment",8.1
88,2024-01-01,34,"Retired",2,"Faith",7.7
88,2024-04-01,34,"Retired",1,"Environment",5.8
88,2024-07-01,34,"Retired",4,"Environment",5.6
88,2024-10-01,34,"Retired",4,"Environment",3.8
89,2024-01-01,73,"Part",2,"Education",2.6
89,2024-04-01,73,"Part",2,"Health",6.3
89,2024-07-01,73,"Part",2,"NA",6.2
89,2024-10-01,73,"Part",3,"Health",4.8
90,2024-01-01,40,"Unemp",5,"Health",5.7
90,2024-04-01,40,"Unemp",3,"Education",7.6
90,2024-07-01,40,"Unemp",4,"Other",5
90,2024-10-01,40,"Unemp",4,"Other",5.8
91,2024-01-01,18,"Unemp",4,"NA",3
91,2024-04-01,18,"Unemp",2,"Environment",3.5
91,2024-07-01,18,"Unemp",3,"Environment",2.1
91,2024-10-01,18,"Unemp",2,"Education",3.2
92,2024-01-01,62,"Retired",1,"Health",0
92,2024-04-01,62,"Retired",4,"Health",2.8
92,2024-07-01,62,"Retired",1,"Environment",6.6
92,2024-10-01,62,"Retired",2,"Health",4.6
93,2024-01-01,58,"Full",2,"NA",4.9
93,2024-04-01,58,"Full",2,"Health",6.2
93,2024-07-01,58,"Full",2,"Faith",3.4
93,2024-10-01,58,"Full",3,"Environment",5.5
94,2024-01-01,55,"Retired",4,"NA",4.9
94,2024-04-01,55,"Retired",4,"Education",4.7
94,2024-07-01,55,"Retired",1,"Education",5.9
94,2024-10-01,55,"Retired",5,"Faith",1.9
95,2024-01-01,68,"Retired",3,"Other",6.6
95,2024-04-01,68,"Retired",2,"NA",7.1
95,2024-07-01,68,"Retired",4,"NA",8.5
95,2024-10-01,68,"Retired",2,"NA",5.7
96,2024-01-01,63,"Retired",6,"NA",1.7
96,2024-04-01,63,"Retired",3,"Education",4.7
96,2024-07-01,63,"Retired",0,"Other",5.6
96,2024-10-01,63,"Retired",4,"Health",5.8
97,2024-01-01,53,"Full",0,"Faith",4.9
97,2024-04-01,53,"Full",3,"Education",8.6
97,2024-07-01,53,"Full",1,"Education",2.2
97,2024-10-01,53,"Full",4,"Education",2.3
98,2024-01-01,74,"Retired",1,"NA",5.6
98,2024-04-01,74,"Retired",3,"Environment",6.1
98,2024-07-01,74,"Retired",7,"NA",7.7
98,2024-10-01,74,"Retired",2,"Faith",4.1
99,2024-01-01,33,"Unemp",3,"Environment",5.1
99,2024-04-01,33,"Unemp",2,"Environment",8.6
99,2024-07-01,33,"Unemp",2,"Environment",5.1
99,2024-10-01,33,"Unemp",2,"Faith",6.1
100,2024-01-01,19,"Full",2,"Other",3.8
100,2024-04-01,19,"Full",3,"NA",3.9
100,2024-07-01,19,"Full",2,"Environment",5
100,2024-10-01,19,"Full",4,"NA",6.4
101,2024-01-01,56,"Part",6,"Health",1.7
101,2024-04-01,56,"Part",0,"NA",1.6
101,2024-07-01,56,"Part",5,"Other",2.8
101,2024-10-01,56,"Part",4,"Health",3.2
102,2024-01-01,34,"Full",5,"Faith",2.4
102,2024-04-01,34,"Full",2,"Health",7.1
102,2024-07-01,34,"Full",1,"Education",2.9
102,2024-10-01,34,"Full",3,"Health",4.6
103,2024-01-01,71,"Unemp",2,"Health",1.3
103,2024-04-01,71,"Unemp",3,"Education",3.3
103,2024-07-01,71,"Unemp",5,"Education",5
103,2024-10-01,71,"Unemp",2,"Other",4.3
104,2024-01-01,46,"Retired",2,"Faith",1.2
104,2024-04-01,46,"Retired",4,"Education",3.4
104,2024-07-01,46,"Retired",5,"Faith",7.5
104,2024-10-01,46,"Retired",4,"Faith",1.2
105,2024-01-01,46,"Unemp",5,"Health",9.9
105,2024-04-01,46,"Unemp",5,"Health",5.5
105,2024-07-01,46,"Unemp",4,"Education",7.9
105,2024-10-01,46,"Unemp",1,"Faith",4.3
106,2024-01-01,52,"Full",2,"NA",3.5
106,2024-04-01,52,"Full",3,"Environment",3.8
106,2024-07-01,52,"Full",1,"Education",2.3
106,2024-10-01,52,"Full",8,"NA",4.9
107,2024-01-01,33,"Part",1,"Health",4.6
107,2024-04-01,33,"Part",4,"NA",2.7
107,2024-07-01,33,"Part",4,"Faith",3.4
107,2024-10-01,33,"Part",2,"Environment",5.3
108,2024-01-01,51,"Retired",2,"Faith",4.3
108,2024-04-01,51,"Retired",3,"Education",3.9
108,2024-07-01,51,"Retired",3,"Environment",6.4
108,2024-10-01,51,"Retired",3,"Other",6.5
109,2024-01-01,47,"Retired",2,"Health",0
109,2024-04-01,47,"Retired",6,"Environment",7.1
109,2024-07-01,47,"Retired",4,"Environment",4.4
109,2024-10-01,47,"Retired",3,"Other",5.3
110,2024-01-01,41,"Retired",2,"Health",2.8
110,2024-04-01,41,"Retired",4,"Other",6.7
110,2024-07-01,41,"Retired",1,"NA",7.5
110,2024-10-01,41,"Retired",3,"Environment",5.8
111,2024-01-01,44,"Part",3,"Environment",4.9
111,2024-04-01,44,"Part",1,"Education",3.5
111,2024-07-01,44,"Part",2,"Education",5.1
111,2024-10-01,44,"Part",3,"Education",5.5
112,2024-01-01,80,"Part",2,"Other",4.2
112,2024-04-01,80,"Part",3,"Health",2
112,2024-07-01,80,"Part",2,"Other",3.1
112,2024-10-01,80,"Part",1,"Health",2.1
113,2024-01-01,44,"Full",6,"Other",3
113,2024-04-01,44,"Full",3,"Education",4.7
113,2024-07-01,44,"Full",4,"NA",2.7
113,2024-10-01,44,"Full",3,"NA",7.9
114,2024-01-01,42,"Retired",3,"Education",2.8
114,2024-04-01,42,"Retired",4,"Other",5.1
114,2024-07-01,42,"Retired",3,"Faith",6
114,2024-10-01,42,"Retired",4,"Environment",3.7
115,2024-01-01,32,"Unemp",1,"NA",5
115,2024-04-01,32,"Unemp",4,"Health",5.3
115,2024-07-01,32,"Unemp",2,"Education",4.6
115,2024-10-01,32,"Unemp",7,"Education",6.7
116,2024-01-01,67,"Retired",3,"Education",5.2
116,2024-04-01,67,"Retired",5,"Other",5.1
116,2024-07-01,67,"Retired",4,"Other",4.9
116,2024-10-01,67,"Retired",2,"Education",1.8
117,2024-01-01,64,"Part",2,"Education",1.9
117,2024-04-01,64,"Part",3,"Education",2.3
117,2024-07-01,64,"Part",0,"NA",3.5
117,2024-10-01,64,"Part",1,"Health",7.6
118,2024-01-01,78,"Unemp",3,"Other",4.4
118,2024-04-01,78,"Unemp",2,"Education",6.9
118,2024-07-01,78,"Unemp",4,"Other",3.2
118,2024-10-01,78,"Unemp",5,"NA",3.9
119,2024-01-01,33,"Full",5,"Other",5.5
119,2024-04-01,33,"Full",6,"NA",3.3
119,2024-07-01,33,"Full",2,"Health",4.3
119,2024-10-01,33,"Full",2,"Environment",4.1
120,2024-01-01,57,"Full",0,"Other",2.9
120,2024-04-01,57,"Full",5,"Education",3.1
120,2024-07-01,57,"Full",4,"Education",0.5
120,2024-10-01,57,"Full",3,"Education",5.8
121,2024-01-01,31,"Full",3,"Other",5.3
121,2024-04-01,31,"Full",4,"Environment",3.9
121,2024-07-01,31,"Full",4,"Environment",4.5
121,2024-10-01,31,"Full",6,"Education",6.1
122,2024-01-01,47,"Full",3,"NA",4.1
122,2024-04-01,47,"Full",1,"Other",2.7
122,2024-07-01,47,"Full",2,"Health",1.6
122,2024-10-01,47,"Full",4,"NA",6
123,2024-01-01,69,"Unemp",3,"Health",3.1
123,2024-04-01,69,"Unemp",2,"Faith",5.1
123,2024-07-01,69,"Unemp",2,"Faith",7.5
123,2024-10-01,69,"Unemp",4,"Other",3
124,2024-01-01,29,"Unemp",1,"Other",7
124,2024-04-01,29,"Unemp",2,"Environment",6.5
124,2024-07-01,29,"Unemp",7,"Education",4.6
124,2024-10-01,29,"Unemp",2,"Faith",7.9
125,2024-01-01,18,"Full",3,"Health",4.2
125,2024-04-01,18,"Full",4,"Faith",5.3
125,2024-07-01,18,"Full",5,"Faith",4.5
125,2024-10-01,18,"Full",7,"Education",2.8
126,2024-01-01,22,"Full",2,"Education",3.9
126,2024-04-01,22,"Full",3,"Other",1.7
126,2024-07-01,22,"Full",1,"Education",2.5
126,2024-10-01,22,"Full",2,"Faith",10
127,2024-01-01,41,"Part",6,"Faith",4.7
127,2024-04-01,41,"Part",6,"Health",4.8
127,2024-07-01,41,"Part",1,"Education",2.7
127,2024-10-01,41,"Part",3,"Education",3.2
128,2024-01-01,49,"Unemp",6,"Education",3.9
128,2024-04-01,49,"Unemp",2,"Other",5.9
128,2024-07-01,49,"Unemp",2,"Health",8.7
128,2024-10-01,49,"Unemp",2,"NA",2.8
129,2024-01-01,64,"Part",3,"Health",4.8
129,2024-04-01,64,"Part",2,"NA",6.4
129,2024-07-01,64,"Part",1,"Environment",4.1
129,2024-10-01,64,"Part",4,"NA",2.2
130,2024-01-01,73,"Full",2,"Faith",1.6
130,2024-04-01,73,"Full",7,"Environment",8.9
130,2024-07-01,73,"Full",3,"Education",3.2
130,2024-10-01,73,"Full",3,"Environment",6.8
131,2024-01-01,45,"Unemp",2,"Faith",9.5
131,2024-04-01,45,"Unemp",2,"Environment",6.7
131,2024-07-01,45,"Unemp",2,"Faith",7.9
131,2024-10-01,45,"Unemp",6,"Health",8.2
132,2024-01-01,56,"Full",2,"Health",4.2
132,2024-04-01,56,"Full",3,"Environment",3.6
132,2024-07-01,56,"Full",0,"Faith",5.7
132,2024-10-01,56,"Full",0,"Health",8.2
133,2024-01-01,26,"Retired",2,"Environment",2.3
133,2024-04-01,26,"Retired",4,"Other",4.3
133,2024-07-01,26,"Retired",2,"NA",7.8
133,2024-10-01,26,"Retired",3,"Faith",4.3
134,2024-01-01,20,"Part",3,"Other",3.3
134,2024-04-01,20,"Part",0,"Environment",4.2
134,2024-07-01,20,"Part",2,"Faith",9.7
134,2024-10-01,20,"Part",0,"Health",6.8
135,2024-01-01,54,"Part",1,"NA",3.6
135,2024-04-01,54,"Part",1,"Faith",6
135,2024-07-01,54,"Part",7,"Health",8.8
135,2024-10-01,54,"Part",3,"Health",5.6
136,2024-01-01,23,"Part",1,"Environment",2.4
136,2024-04-01,23,"Part",3,"Faith",6
136,2024-07-01,23,"Part",3,"Environment",3
136,2024-10-01,23,"Part",5,"Education",7.4
137,2024-01-01,79,"Unemp",2,"Health",3.7
137,2024-04-01,79,"Unemp",3,"Environment",5.8
137,2024-07-01,79,"Unemp",1,"Environment",2.4
137,2024-10-01,79,"Unemp",2,"Faith",4.8
138,2024-01-01,33,"Unemp",3,"Education",2
138,2024-04-01,33,"Unemp",4,"NA",3.1
138,2024-07-01,33,"Unemp",3,"Faith",4.2
138,2024-10-01,33,"Unemp",2,"NA",5
139,2024-01-01,29,"Part",6,"Faith",1
139,2024-04-01,29,"Part",3,"Other",4.1
139,2024-07-01,29,"Part",2,"Environment",4.4
139,2024-10-01,29,"Part",3,"Education",4.7
140,2024-01-01,74,"Retired",5,"Education",7.2
140,2024-04-01,74,"Retired",4,"Faith",2.1
140,2024-07-01,74,"Retired",4,"Health",4.4
140,2024-10-01,74,"Retired",1,"Education",3.7
141,2024-01-01,70,"Unemp",2,"Other",7.9
141,2024-04-01,70,"Unemp",3,"Education",5.7
141,2024-07-01,70,"Unemp",0,"Faith",6.4
141,2024-10-01,70,"Unemp",4,"Education",3.4
142,2024-01-01,45,"Part",3,"Education",4.2
142,2024-04-01,45,"Part",3,"Health",8.7
142,2024-07-01,45,"Part",4,"Health",4.6
142,2024-10-01,45,"Part",3,"Faith",4.8
143,2024-01-01,33,"Full",4,"NA",5.3
143,2024-04-01,33,"Full",4,"Faith",4.5
143,2024-07-01,33,"Full",2,"Other",2.3
143,2024-10-01,33,"Full",3,"Education",2.6
144,2024-01-01,47,"Unemp",2,"Education",7.5
144,2024-04-01,47,"Unemp",3,"Health",7.7
144,2024-07-01,47,"Unemp",5,"Environment",6.6
144,2024-10-01,47,"Unemp",3,"Health",3.9
145,2024-01-01,59,"Part",2,"NA",1.8
145,2024-04-01,59,"Part",3,"Health",5.6
145,2024-07-01,59,"Part",4,"NA",4.3
145,2024-10-01,59,"Part",1,"NA",6.6
146,2024-01-01,79,"Part",4,"Education",9
146,2024-04-01,79,"Part",2,"Faith",3.8
146,2024-07-01,79,"Part",3,"Other",5.1
146,2024-10-01,79,"Part",3,"Faith",3
147,2024-01-01,25,"Part",0,"Other",2
147,2024-04-01,25,"Part",4,"Environment",3.5
147,2024-07-01,25,"Part",1,"Education",2.7
147,2024-10-01,25,"Part",3,"Environment",2.8
148,2024-01-01,42,"Unemp",3,"Environment",6.7
148,2024-04-01,42,"Unemp",6,"NA",2.1
148,2024-07-01,42,"Unemp",2,"Education",8.4
148,2024-10-01,42,"Unemp",7,"Faith",8.5
149,2024-01-01,74,"Unemp",2,"Other",2.1
149,2024-04-01,74,"Unemp",3,"NA",1.7
149,2024-07-01,74,"Unemp",4,"Education",5.7
149,2024-10-01,74,"Unemp",2,"Other",0.1
150,2024-01-01,53,"Retired",3,"Other",3
150,2024-04-01,53,"Retired",2,"Health",3.1
150,2024-07-01,53,"Retired",5,"Education",5.1
150,2024-10-01,53,"Retired",2,"Health",0.8
151,2024-01-01,56,"Unemp",4,"Health",6
151,2024-04-01,56,"Unemp",5,"Other",5
151,2024-07-01,56,"Unemp",4,"Faith",5.5
151,2024-10-01,56,"Unemp",5,"Faith",4.9
152,2024-01-01,56,"Unemp",5,"NA",4.6
152,2024-04-01,56,"Unemp",3,"Other",3
152,2024-07-01,56,"Unemp",2,"Faith",10
152,2024-10-01,56,"Unemp",3,"Education",3.7
153,2024-01-01,63,"Unemp",2,"Environment",2.6
153,2024-04-01,63,"Unemp",3,"Education",5.9
153,2024-07-01,63,"Unemp",2,"Education",5.2
153,2024-10-01,63,"Unemp",3,"Environment",4.2
154,2024-01-01,57,"Unemp",7,"Education",3.5
154,2024-04-01,57,"Unemp",5,"NA",1.5
154,2024-07-01,57,"Unemp",3,"Environment",0.7
154,2024-10-01,57,"Unemp",2,"Other",7.4
155,2024-01-01,76,"Part",0,"NA",1.1
155,2024-04-01,76,"Part",1,"Faith",3.4
155,2024-07-01,76,"Part",2,"NA",4.1
155,2024-10-01,76,"Part",3,"Health",6.5
156,2024-01-01,43,"Full",3,"Other",2.4
156,2024-04-01,43,"Full",5,"Faith",6.7
156,2024-07-01,43,"Full",2,"Environment",2.7
156,2024-10-01,43,"Full",2,"Environment",4.7
157,2024-01-01,31,"Part",2,"Other",3.2
157,2024-04-01,31,"Part",1,"Faith",7.7
157,2024-07-01,31,"Part",3,"Faith",3.6
157,2024-10-01,31,"Part",5,"Education",5.3
158,2024-01-01,22,"Retired",1,"Environment",5.7
158,2024-04-01,22,"Retired",1,"NA",5.3
158,2024-07-01,22,"Retired",3,"Faith",4.5
158,2024-10-01,22,"Retired",4,"Education",2.6
159,2024-01-01,38,"Full",2,"Other",7.4
159,2024-04-01,38,"Full",5,"NA",6.4
159,2024-07-01,38,"Full",3,"Health",4
159,2024-10-01,38,"Full",5,"Health",5.3
160,2024-01-01,62,"Part",4,"Environment",5.8
160,2024-04-01,62,"Part",3,"Health",6.6
160,2024-07-01,62,"Part",3,"Environment",4.5
160,2024-10-01,62,"Part",1,"Environment",3.5
161,2024-01-01,35,"Full",1,"Health",3.3
161,2024-04-01,35,"Full",1,"Faith",1.8
161,2024-07-01,35,"Full",3,"Health",5.1
161,2024-10-01,35,"Full",5,"Faith",10
162,2024-01-01,75,"Full",2,"Education",3.4
162,2024-04-01,75,"Full",2,"Health",4.6
162,2024-07-01,75,"Full",4,"Environment",3.2
162,2024-10-01,75,"Full",3,"NA",6.3
163,2024-01-01,41,"Unemp",2,"NA",2.5
163,2024-04-01,41,"Unemp",2,"NA",7.2
163,2024-07-01,41,"Unemp",5,"Faith",3.9
163,2024-10-01,41,"Unemp",2,"Education",6.7
164,2024-01-01,80,"Part",3,"Environment",1.6
164,2024-04-01,80,"Part",3,"Health",4.8
164,2024-07-01,80,"Part",2,"Health",3.2
164,2024-10-01,80,"Part",4,"Education",5.4
165,2024-01-01,78,"Full",5,"Faith",0
165,2024-04-01,78,"Full",1,"Other",3.3
165,2024-07-01,78,"Full",4,"Other",3.4
165,2024-10-01,78,"Full",4,"Health",4.7
166,2024-01-01,34,"Retired",1,"Education",7.4
166,2024-04-01,34,"Retired",0,"Other",4.2
166,2024-07-01,34,"Retired",5,"Education",0.4
166,2024-10-01,34,"Retired",0,"Education",0
167,2024-01-01,56,"Part",1,"Faith",1.7
167,2024-04-01,56,"Part",5,"Other",7.2
167,2024-07-01,56,"Part",1,"Faith",2.4
167,2024-10-01,56,"Part",6,"Environment",6.3
168,2024-01-01,39,"Part",1,"Education",3.4
168,2024-04-01,39,"Part",3,"Faith",6.6
168,2024-07-01,39,"Part",1,"Environment",8.2
168,2024-10-01,39,"Part",1,"Education",3.7
169,2024-01-01,51,"Unemp",1,"NA",0.7
169,2024-04-01,51,"Unemp",4,"Other",3.3
169,2024-07-01,51,"Unemp",2,"Health",1.2
169,2024-10-01,51,"Unemp",1,"Environment",5
170,2024-01-01,68,"Retired",2,"Other",4.1
170,2024-04-01,68,"Retired",1,"Other",0
170,2024-07-01,68,"Retired",5,"Faith",4.9
170,2024-10-01,68,"Retired",3,"Faith",3.6
171,2024-01-01,37,"Full",1,"Other",6.5
171,2024-04-01,37,"Full",5,"Environment",3.3
171,2024-07-01,37,"Full",7,"Health",4.3
171,2024-10-01,37,"Full",2,"Health",5.4
172,2024-01-01,30,"Retired",4,"NA",4.8
172,2024-04-01,30,"Retired",3,"Faith",3.4
172,2024-07-01,30,"Retired",1,"Other",5.5
172,2024-10-01,30,"Retired",3,"NA",4.8
173,2024-01-01,56,"Full",4,"Other",6.3
173,2024-04-01,56,"Full",4,"Faith",5.1
173,2024-07-01,56,"Full",1,"Faith",5.8
173,2024-10-01,56,"Full",1,"Other",2.7
174,2024-01-01,29,"Retired",2,"NA",8.4
174,2024-04-01,29,"Retired",4,"Other",2.3
174,2024-07-01,29,"Retired",2,"Health",4
174,2024-10-01,29,"Retired",2,"Education",5.4
175,2024-01-01,63,"Part",2,"Environment",2
175,2024-04-01,63,"Part",2,"Other",3.3
175,2024-07-01,63,"Part",3,"Faith",8.2
175,2024-10-01,63,"Part",1,"Other",8.1
176,2024-01-01,37,"Part",4,"Education",4
176,2024-04-01,37,"Part",5,"Education",3.2
176,2024-07-01,37,"Part",4,"Health",1.9
176,2024-10-01,37,"Part",4,"Environment",7
177,2024-01-01,47,"Full",3,"Other",5.6
177,2024-04-01,47,"Full",3,"Environment",4.8
177,2024-07-01,47,"Full",4,"Faith",6.9
177,2024-10-01,47,"Full",2,"Other",3.2
178,2024-01-01,46,"Part",0,"NA",7.8
178,2024-04-01,46,"Part",5,"NA",1.1
178,2024-07-01,46,"Part",6,"Health",5.5
178,2024-10-01,46,"Part",6,"NA",2.6
179,2024-01-01,60,"Full",2,"Other",5.5
179,2024-04-01,60,"Full",0,"Faith",2.8
179,2024-07-01,60,"Full",3,"NA",5.1
179,2024-10-01,60,"Full",3,"Faith",6.8
180,2024-01-01,18,"Full",1,"Other",7.7
180,2024-04-01,18,"Full",2,"NA",4.7
180,2024-07-01,18,"Full",5,"Other",4.7
180,2024-10-01,18,"Full",2,"Other",7.2
181,2024-01-01,29,"Retired",2,"Health",6.2
181,2024-04-01,29,"Retired",5,"Health",0.5
181,2024-07-01,29,"Retired",2,"NA",5.6
181,2024-10-01,29,"Retired",4,"Faith",6.8
182,2024-01-01,19,"Unemp",1,"Faith",4.4
182,2024-04-01,19,"Unemp",4,"Faith",1.8
182,2024-07-01,19,"Unemp",5,"Faith",6.2
182,2024-10-01,19,"Unemp",5,"Faith",4.9
183,2024-01-01,36,"Unemp",6,"Other",4.1
183,2024-04-01,36,"Unemp",2,"Education",7.7
183,2024-07-01,36,"Unemp",1,"Faith",4.2
183,2024-10-01,36,"Unemp",4,"NA",3.4
184,2024-01-01,51,"Part",4,"Education",4.5
184,2024-04-01,51,"Part",1,"Faith",8.3
184,2024-07-01,51,"Part",2,"Education",0.4
184,2024-10-01,51,"Part",2,"Environment",7
185,2024-01-01,60,"Unemp",2,"Faith",8.4
185,2024-04-01,60,"Unemp",4,"Other",5.8
185,2024-07-01,60,"Unemp",3,"Environment",0.7
185,2024-10-01,60,"Unemp",3,"Faith",2.8
186,2024-01-01,34,"Full",1,"NA",2.8
186,2024-04-01,34,"Full",3,"Education",3.7
186,2024-07-01,34,"Full",3,"Other",4.7
186,2024-10-01,34,"Full",5,"NA",7.3
187,2024-01-01,30,"Retired",4,"Environment",4.4
187,2024-04-01,30,"Retired",2,"Environment",5.3
187,2024-07-01,30,"Retired",2,"NA",4.9
187,2024-10-01,30,"Retired",1,"Health",3
188,2024-01-01,79,"Part",3,"NA",2.7
188,2024-04-01,79,"Part",3,"Other",5.2
188,2024-07-01,79,"Part",7,"Faith",4.6
188,2024-10-01,79,"Part",2,"Education",1.2
189,2024-01-01,77,"Full",2,"Faith",3.2
189,2024-04-01,77,"Full",6,"Education",7.9
189,2024-07-01,77,"Full",4,"Faith",4.3
189,2024-10-01,77,"Full",3,"Education",9
190,2024-01-01,65,"Unemp",0,"Health",2.1
190,2024-04-01,65,"Unemp",2,"Other",2.8
190,2024-07-01,65,"Unemp",2,"Other",3.5
190,2024-10-01,65,"Unemp",0,"NA",4.2
191,2024-01-01,18,"Full",6,"Faith",6.9
191,2024-04-01,18,"Full",5,"Faith",3.2
191,2024-07-01,18,"Full",2,"Health",3.8
191,2024-10-01,18,"Full",3,"Faith",4.9
192,2024-01-01,80,"Retired",5,"Education",3.4
192,2024-04-01,80,"Retired",1,"Faith",6.4
192,2024-07-01,80,"Retired",4,"Other",5.1
192,2024-10-01,80,"Retired",3,"NA",4.9
193,2024-01-01,41,"Unemp",1,"Environment",5.3
193,2024-04-01,41,"Unemp",4,"NA",3.2
193,2024-07-01,41,"Unemp",3,"Health",5.4
193,2024-10-01,41,"Unemp",1,"NA",7.9
194,2024-01-01,69,"Retired",2,"Faith",6.5
194,2024-04-01,69,"Retired",5,"NA",0
194,2024-07-01,69,"Retired",4,"Health",4.2
194,2024-10-01,69,"Retired",4,"Other",5.4
195,2024-01-01,72,"Retired",2,"Other",5.1
195,2024-04-01,72,"Retired",4,"NA",5.4
195,2024-07-01,72,"Retired",6,"Other",7
195,2024-10-01,72,"Retired",3,"Other",2.1
196,2024-01-01,48,"Part",1,"NA",3.3
196,2024-04-01,48,"Part",1,"Education",7.7
196,2024-07-01,48,"Part",3,"Environment",2.9
196,2024-10-01,48,"Part",2,"Education",2.2
197,2024-01-01,71,"Full",0,"Other",5.4
197,2024-04-01,71,"Full",0,"Faith",4.7
197,2024-07-01,71,"Full",3,"Health",2.7
197,2024-10-01,71,"Full",4,"Environment",3.9
198,2024-01-01,31,"Part",3,"NA",5.9
198,2024-04-01,31,"Part",2,"Faith",6
198,2024-07-01,31,"Part",6,"Environment",7
198,2024-10-01,31,"Part",4,"Other",4
199,2024-01-01,61,"Part",1,"Faith",7
199,2024-04-01,61,"Part",3,"Health",5.4
199,2024-07-01,61,"Part",2,"Environment",2.3
199,2024-10-01,61,"Part",2,"NA",5.3
200,2024-01-01,26,"Part",1,"Faith",5.2
200,2024-04-01,26,"Part",3,"Environment",1.4
200,2024-07-01,26,"Part",3,"Education",4.4
200,2024-10-01,26,"Part",3,"Health",10
201,2024-01-01,67,"Retired",2,"Faith",8.2
201,2024-04-01,67,"Retired",4,"Faith",8.9
201,2024-07-01,67,"Retired",5,"Health",2.1
201,2024-10-01,67,"Retired",0,"Faith",5.9
202,2024-01-01,24,"Part",4,"Education",6
202,2024-04-01,24,"Part",1,"Other",3.5
202,2024-07-01,24,"Part",3,"Other",7.2
202,2024-10-01,24,"Part",6,"Education",4.5
203,2024-01-01,80,"Unemp",3,"NA",4.6
203,2024-04-01,80,"Unemp",3,"Environment",5.7
203,2024-07-01,80,"Unemp",3,"Other",5.1
203,2024-10-01,80,"Unemp",5,"Faith",3.2
204,2024-01-01,44,"Unemp",4,"Faith",3.3
204,2024-04-01,44,"Unemp",4,"Health",4.1
204,2024-07-01,44,"Unemp",1,"Faith",3.5
204,2024-10-01,44,"Unemp",1,"Education",4
205,2024-01-01,65,"Full",1,"Health",4.7
205,2024-04-01,65,"Full",4,"Other",5.8
205,2024-07-01,65,"Full",2,"Faith",4.7
205,2024-10-01,65,"Full",3,"Environment",1.3
206,2024-01-01,26,"Unemp",7,"NA",2.9
206,2024-04-01,26,"Unemp",1,"Environment",5.6
206,2024-07-01,26,"Unemp",3,"NA",2.3
206,2024-10-01,26,"Unemp",2,"Environment",0
207,2024-01-01,34,"Part",1,"Other",6
207,2024-04-01,34,"Part",1,"Faith",8.3
207,2024-07-01,34,"Part",4,"Education",9.1
207,2024-10-01,34,"Part",4,"Education",1.7
208,2024-01-01,42,"Full",2,"Environment",2.2
208,2024-04-01,42,"Full",4,"Faith",4.7
208,2024-07-01,42,"Full",4,"Other",1.5
208,2024-10-01,42,"Full",3,"Faith",3.6
209,2024-01-01,44,"Part",3,"Education",4.6
209,2024-04-01,44,"Part",3,"Faith",3.1
209,2024-07-01,44,"Part",4,"NA",6.5
209,2024-10-01,44,"Part",4,"NA",4.8
210,2024-01-01,50,"Retired",3,"Health",6.5
210,2024-04-01,50,"Retired",1,"Health",6.1
210,2024-07-01,50,"Retired",1,"Environment",6.7
210,2024-10-01,50,"Retired",3,"Faith",5.6
211,2024-01-01,76,"Retired",5,"Health",3.7
211,2024-04-01,76,"Retired",3,"Faith",2.5
211,2024-07-01,76,"Retired",7,"NA",5.4
211,2024-10-01,76,"Retired",6,"Environment",8.9
212,2024-01-01,34,"Part",4,"Education",5.5
212,2024-04-01,34,"Part",4,"Faith",5.1
212,2024-07-01,34,"Part",1,"Education",5.7
212,2024-10-01,34,"Part",7,"Education",6.7
213,2024-01-01,65,"Full",4,"Education",0
213,2024-04-01,65,"Full",0,"Other",3.8
213,2024-07-01,65,"Full",1,"Health",7.6
213,2024-10-01,65,"Full",3,"Environment",3.8
214,2024-01-01,41,"Part",3,"Faith",1.8
214,2024-04-01,41,"Part",6,"Environment",5.7
214,2024-07-01,41,"Part",2,"Faith",2.9
214,2024-10-01,41,"Part",4,"Environment",4.2
215,2024-01-01,39,"Full",4,"Health",8.4
215,2024-04-01,39,"Full",3,"Environment",4.3
215,2024-07-01,39,"Full",4,"Environment",3.1
215,2024-10-01,39,"Full",2,"NA",6.2
216,2024-01-01,74,"Retired",3,"NA",0
216,2024-04-01,74,"Retired",5,"Education",6.1
216,2024-07-01,74,"Retired",2,"Environment",5.7
216,2024-10-01,74,"Retired",3,"Environment",7.3
217,2024-01-01,66,"Retired",3,"Health",3.4
217,2024-04-01,66,"Retired",1,"NA",9.9
217,2024-07-01,66,"Retired",3,"Other",0.4
217,2024-10-01,66,"Retired",4,"Faith",3.9
218,2024-01-01,29,"Unemp",3,"Other",6.6
218,2024-04-01,29,"Unemp",3,"Health",8.1
218,2024-07-01,29,"Unemp",6,"Other",3.8
218,2024-10-01,29,"Unemp",4,"NA",3
219,2024-01-01,69,"Retired",2,"Faith",4
219,2024-04-01,69,"Retired",1,"Education",6.5
219,2024-07-01,69,"Retired",2,"Faith",0.6
219,2024-10-01,69,"Retired",3,"Environment",1.7
220,2024-01-01,60,"Part",2,"Education",6.8
220,2024-04-01,60,"Part",6,"Health",4.4
220,2024-07-01,60,"Part",3,"Education",5.8
220,2024-10-01,60,"Part",2,"Environment",4
221,2024-01-01,40,"Unemp",3,"Environment",2.4
221,2024-04-01,40,"Unemp",3,"NA",7
221,2024-07-01,40,"Unemp",2,"NA",6.1
221,2024-10-01,40,"Unemp",1,"Other",5.6
222,2024-01-01,79,"Full",6,"Education",5.4
222,2024-04-01,79,"Full",1,"NA",6.9
222,2024-07-01,79,"Full",4,"Education",0.6
222,2024-10-01,79,"Full",4,"NA",4.6
223,2024-01-01,38,"Part",1,"Environment",2.4
223,2024-04-01,38,"Part",1,"NA",5.7
223,2024-07-01,38,"Part",4,"Environment",5
223,2024-10-01,38,"Part",3,"NA",7
224,2024-01-01,76,"Retired",1,"Environment",0.6
224,2024-04-01,76,"Retired",4,"Faith",5.4
224,2024-07-01,76,"Retired",1,"Other",7.2
224,2024-10-01,76,"Retired",0,"Health",10
225,2024-01-01,44,"Retired",1,"Environment",5.7
225,2024-04-01,44,"Retired",1,"Education",4.5
225,2024-07-01,44,"Retired",2,"Faith",6.4
225,2024-10-01,44,"Retired",1,"Faith",5
226,2024-01-01,22,"Part",2,"Education",6
226,2024-04-01,22,"Part",0,"Faith",3.1
226,2024-07-01,22,"Part",0,"Faith",5.8
226,2024-10-01,22,"Part",4,"Education",4.4
227,2024-01-01,24,"Retired",4,"Other",9.6
227,2024-04-01,24,"Retired",3,"Faith",5.1
227,2024-07-01,24,"Retired",4,"Health",3.2
227,2024-10-01,24,"Retired",6,"NA",7.2
228,2024-01-01,71,"Part",5,"Education",5.5
228,2024-04-01,71,"Part",3,"Health",8.2
228,2024-07-01,71,"Part",5,"Environment",5.4
228,2024-10-01,71,"Part",1,"Environment",4.7
229,2024-01-01,23,"Unemp",2,"Faith",1.3
229,2024-04-01,23,"Unemp",1,"Health",9.1
229,2024-07-01,23,"Unemp",2,"NA",4.4
229,2024-10-01,23,"Unemp",6,"Education",6.8
230,2024-01-01,51,"Part",0,"Other",4.2
230,2024-04-01,51,"Part",3,"Health",6.4
230,2024-07-01,51,"Part",2,"Environment",3.5
230,2024-10-01,51,"Part",4,"Health",5.2
231,2024-01-01,44,"Unemp",3,"Environment",5
231,2024-04-01,44,"Unemp",5,"Other",5.5
231,2024-07-01,44,"Unemp",1,"Faith",0.2
231,2024-10-01,44,"Unemp",5,"Education",1.8
232,2024-01-01,21,"Unemp",3,"Faith",6.6
232,2024-04-01,21,"Unemp",4,"Faith",5.7
232,2024-07-01,21,"Unemp",4,"Health",4.7
232,2024-10-01,21,"Unemp",1,"Education",3.9
233,2024-01-01,38,"Part",3,"Health",5.1
233,2024-04-01,38,"Part",3,"Health",1.5
233,2024-07-01,38,"Part",4,"NA",4
233,2024-10-01,38,"Part",5,"Environment",3.5
234,2024-01-01,76,"Full",4,"NA",3.6
234,2024-04-01,76,"Full",1,"Health",0.5
234,2024-07-01,76,"Full",3,"Health",4.9
234,2024-10-01,76,"Full",5,"Environment",2
235,2024-01-01,57,"Part",4,"NA",3.2
235,2024-04-01,57,"Part",2,"Health",1.5
235,2024-07-01,57,"Part",5,"Other",1.4
235,2024-10-01,57,"Part",2,"Faith",5
236,2024-01-01,35,"Retired",2,"NA",7.1
236,2024-04-01,35,"Retired",2,"Faith",3.7
236,2024-07-01,35,"Retired",5,"Education",6.2
236,2024-10-01,35,"Retired",3,"Education",0.7
237,2024-01-01,59,"Full",3,"Health",6.5
237,2024-04-01,59,"Full",2,"Health",5.1
237,2024-07-01,59,"Full",3,"NA",3.2
237,2024-10-01,59,"Full",3,"Faith",4.4
238,2024-01-01,67,"Part",7,"Environment",3.8
238,2024-04-01,67,"Part",3,"Environment",0
238,2024-07-01,67,"Part",4,"Education",3.1
238,2024-10-01,67,"Part",2,"Environment",3
239,2024-01-01,23,"Full",5,"Other",6.8
239,2024-04-01,23,"Full",4,"Faith",0.8
239,2024-07-01,23,"Full",1,"Other",6.4
239,2024-10-01,23,"Full",3,"Education",5.9
240,2024-01-01,71,"Part",7,"NA",5.5
240,2024-04-01,71,"Part",5,"Other",5.8
240,2024-07-01,71,"Part",1,"Faith",6
240,2024-10-01,71,"Part",2,"Education",6.5
241,2024-01-01,38,"Full",0,"Other",0.4
241,2024-04-01,38,"Full",2,"Other",4.4
241,2024-07-01,38,"Full",5,"Education",2.3
241,2024-10-01,38,"Full",4,"Faith",0.9
242,2024-01-01,36,"Unemp",4,"Health",4.5
242,2024-04-01,36,"Unemp",1,"Other",5.1
242,2024-07-01,36,"Unemp",2,"Education",2.5
242,2024-10-01,36,"Unemp",5,"Other",5.8
243,2024-01-01,34,"Retired",2,"Faith",4.3
243,2024-04-01,34,"Retired",4,"Education",7.4
243,2024-07-01,34,"Retired",4,"NA",8.5
243,2024-10-01,34,"Retired",0,"Health",6.1
244,2024-01-01,47,"Unemp",4,"Environment",0
244,2024-04-01,47,"Unemp",3,"Education",3.2
244,2024-07-01,47,"Unemp",2,"NA",4.4
244,2024-10-01,47,"Unemp",2,"NA",3.2
245,2024-01-01,78,"Retired",4,"NA",4
245,2024-04-01,78,"Retired",7,"NA",7.9
245,2024-07-01,78,"Retired",6,"Other",3.9
245,2024-10-01,78,"Retired",2,"NA",7.9
246,2024-01-01,39,"Part",5,"Education",4.6
246,2024-04-01,39,"Part",2,"Other",3.3
246,2024-07-01,39,"Part",5,"NA",4.2
246,2024-10-01,39,"Part",6,"Environment",7.6
247,2024-01-01,36,"Retired",2,"Other",7.3
247,2024-04-01,36,"Retired",1,"Health",7.1
247,2024-07-01,36,"Retired",3,"Environment",3.5
247,2024-10-01,36,"Retired",1,"NA",1.1
248,2024-01-01,25,"Part",2,"NA",2.3
248,2024-04-01,25,"Part",0,"Health",8.3
248,2024-07-01,25,"Part",3,"Faith",5.8
248,2024-10-01,25,"Part",4,"Education",4.7
249,2024-01-01,59,"Unemp",4,"Faith",9.1
249,2024-04-01,59,"Unemp",3,"Faith",2.8
249,2024-07-01,59,"Unemp",4,"Health",4.9
249,2024-10-01,59,"Unemp",3,"Education",4.2
250,2024-01-01,61,"Retired",0,"NA",1.8
250,2024-04-01,61,"Retired",2,"NA",4.2
250,2024-07-01,61,"Retired",1,"NA",7.2
250,2024-10-01,61,"Retired",3,"Environment",4.6
251,2024-01-01,25,"Full",4,"NA",2.2
251,2024-04-01,25,"Full",2,"Faith",5
251,2024-07-01,25,"Full",2,"Health",2.6
251,2024-10-01,25,"Full",3,"Other",4.2
252,2024-01-01,22,"Unemp",1,"NA",5.9
252,2024-04-01,22,"Unemp",5,"NA",2.6
252,2024-07-01,22,"Unemp",2,"Health",5.1
252,2024-10-01,22,"Unemp",2,"Faith",6.6
253,2024-01-01,29,"Full",4,"Environment",7.1
253,2024-04-01,29,"Full",4,"Faith",4.1
253,2024-07-01,29,"Full",3,"Environment",6.6
253,2024-10-01,29,"Full",1,"Education",0
254,2024-01-01,28,"Full",5,"Faith",4.2
254,2024-04-01,28,"Full",3,"Faith",2.1
254,2024-07-01,28,"Full",2,"Other",8.6
254,2024-10-01,28,"Full",1,"NA",2.7
255,2024-01-01,43,"Part",5,"Health",2.4
255,2024-04-01,43,"Part",3,"Education",5.2
255,2024-07-01,43,"Part",1,"Health",8.2
255,2024-10-01,43,"Part",2,"Other",7
256,2024-01-01,42,"Part",4,"Health",9
256,2024-04-01,42,"Part",2,"Faith",1.8
256,2024-07-01,42,"Part",3,"Environment",4.4
256,2024-10-01,42,"Part",2,"Education",10
257,2024-01-01,33,"Unemp",3,"NA",2.4
257,2024-04-01,33,"Unemp",3,"Education",4.8
257,2024-07-01,33,"Unemp",2,"NA",1
257,2024-10-01,33,"Unemp",6,"Health",2.9
258,2024-01-01,53,"Part",0,"NA",4.5
258,2024-04-01,53,"Part",2,"Faith",5.1
258,2024-07-01,53,"Part",2,"NA",1.7
258,2024-10-01,53,"Part",6,"Faith",6.8
259,2024-01-01,68,"Unemp",1,"Environment",5.4
259,2024-04-01,68,"Unemp",3,"Environment",0.9
259,2024-07-01,68,"Unemp",4,"Education",2.5
259,2024-10-01,68,"Unemp",3,"NA",3.5
260,2024-01-01,79,"Retired",1,"Other",1.1
260,2024-04-01,79,"Retired",3,"Other",4.1
260,2024-07-01,79,"Retired",4,"Faith",7.1
260,2024-10-01,79,"Retired",7,"Other",6.2
261,2024-01-01,51,"Retired",4,"Health",2.2
261,2024-04-01,51,"Retired",5,"Health",6.8
261,2024-07-01,51,"Retired",3,"Environment",3.4
261,2024-10-01,51,"Retired",3,"Environment",6.1
262,2024-01-01,29,"Full",4,"Environment",1.3
262,2024-04-01,29,"Full",2,"Education",0
262,2024-07-01,29,"Full",4,"Health",1.8
262,2024-10-01,29,"Full",2,"NA",8.7
263,2024-01-01,48,"Part",1,"Environment",4.3
263,2024-04-01,48,"Part",1,"Other",6
263,2024-07-01,48,"Part",2,"Faith",3.7
263,2024-10-01,48,"Part",3,"Education",4.2
264,2024-01-01,26,"Unemp",2,"Faith",5.7
264,2024-04-01,26,"Unemp",3,"Health",7.4
264,2024-07-01,26,"Unemp",3,"Education",2.7
264,2024-10-01,26,"Unemp",4,"NA",0
265,2024-01-01,79,"Full",4,"Education",2.8
265,2024-04-01,79,"Full",3,"Health",3.9
265,2024-07-01,79,"Full",3,"Health",5.1
265,2024-10-01,79,"Full",0,"Health",4.2
266,2024-01-01,68,"Part",4,"Other",3.2
266,2024-04-01,68,"Part",2,"Health",4.5
266,2024-07-01,68,"Part",4,"Faith",2.9
266,2024-10-01,68,"Part",3,"Faith",3.8
267,2024-01-01,68,"Retired",0,"Health",3
267,2024-04-01,68,"Retired",2,"Health",3.8
267,2024-07-01,68,"Retired",3,"Other",1.2
267,2024-10-01,68,"Retired",2,"Education",5.8
268,2024-01-01,43,"Full",4,"NA",5.2
268,2024-04-01,43,"Full",2,"Other",4.4
268,2024-07-01,43,"Full",3,"Health",4.1
268,2024-10-01,43,"Full",0,"Environment",6.4
269,2024-01-01,58,"Unemp",1,"NA",4.2
269,2024-04-01,58,"Unemp",1,"Health",7.4
269,2024-07-01,58,"Unemp",2,"Environment",3.8
269,2024-10-01,58,"Unemp",2,"NA",2.8
270,2024-01-01,54,"Part",5,"Education",6.5
270,2024-04-01,54,"Part",5,"NA",6.5
270,2024-07-01,54,"Part",1,"Other",4.5
270,2024-10-01,54,"Part",4,"NA",4.9
271,2024-01-01,58,"Retired",1,"Other",3.1
271,2024-04-01,58,"Retired",3,"Environment",8.4
271,2024-07-01,58,"Retired",5,"Environment",7.3
271,2024-10-01,58,"Retired",4,"Environment",7.1
272,2024-01-01,24,"Part",0,"Environment",3.8
272,2024-04-01,24,"Part",4,"Education",7.5
272,2024-07-01,24,"Part",1,"Health",7
272,2024-10-01,24,"Part",6,"Faith",3.9
273,2024-01-01,73,"Part",6,"Other",4.7
273,2024-04-01,73,"Part",4,"NA",3.2
273,2024-07-01,73,"Part",1,"NA",3.4
273,2024-10-01,73,"Part",4,"Health",7.4
274,2024-01-01,23,"Part",1,"Faith",6.7
274,2024-04-01,23,"Part",4,"NA",0.9
274,2024-07-01,23,"Part",4,"NA",3.9
274,2024-10-01,23,"Part",4,"Environment",2.7
275,2024-01-01,62,"Unemp",2,"Health",7.7
275,2024-04-01,62,"Unemp",3,"NA",2.4
275,2024-07-01,62,"Unemp",4,"Other",2.7
275,2024-10-01,62,"Unemp",6,"Environment",2.4
276,2024-01-01,36,"Full",3,"Other",4.3
276,2024-04-01,36,"Full",2,"Education",2.4
276,2024-07-01,36,"Full",0,"Faith",5
276,2024-10-01,36,"Full",3,"Education",6
277,2024-01-01,46,"Part",2,"NA",5
277,2024-04-01,46,"Part",4,"Environment",2.3
277,2024-07-01,46,"Part",7,"Health",6.6
277,2024-10-01,46,"Part",1,"Environment",5.6
278,2024-01-01,46,"Unemp",2,"Environment",5
278,2024-04-01,46,"Unemp",1,"Faith",7.6
278,2024-07-01,46,"Unemp",1,"NA",3.9
278,2024-10-01,46,"Unemp",3,"Education",6.9
279,2024-01-01,67,"Full",3,"Environment",3.8
279,2024-04-01,67,"Full",5,"Faith",3.5
279,2024-07-01,67,"Full",1,"Health",3.4
279,2024-10-01,67,"Full",3,"Environment",2.7
280,2024-01-01,26,"Unemp",1,"Health",3.6
280,2024-04-01,26,"Unemp",3,"Other",4
280,2024-07-01,26,"Unemp",2,"Health",5.9
280,2024-10-01,26,"Unemp",3,"Other",0.8
281,2024-01-01,30,"Full",3,"NA",2.1
281,2024-04-01,30,"Full",1,"Faith",2
281,2024-07-01,30,"Full",2,"Environment",5.6
281,2024-10-01,30,"Full",3,"Other",0.6
282,2024-01-01,20,"Unemp",6,"Education",3.1
282,2024-04-01,20,"Unemp",5,"Environment",4.3
282,2024-07-01,20,"Unemp",2,"Health",6.8
282,2024-10-01,20,"Unemp",5,"Other",6.6
283,2024-01-01,28,"Retired",5,"NA",0.7
283,2024-04-01,28,"Retired",4,"Environment",0.5
283,2024-07-01,28,"Retired",0,"Environment",5.5
283,2024-10-01,28,"Retired",3,"Health",5.1
284,2024-01-01,50,"Retired",4,"NA",9.2
284,2024-04-01,50,"Retired",3,"Faith",9.7
284,2024-07-01,50,"Retired",2,"NA",4
284,2024-10-01,50,"Retired",4,"Environment",6.4
285,2024-01-01,73,"Full",3,"Environment",5.2
285,2024-04-01,73,"Full",2,"Other",3.4
285,2024-07-01,73,"Full",2,"Education",4.8
285,2024-10-01,73,"Full",7,"Education",4.1
286,2024-01-01,52,"Full",7,"Faith",3.8
286,2024-04-01,52,"Full",1,"Other",0
286,2024-07-01,52,"Full",4,"Other",3
286,2024-10-01,52,"Full",5,"Other",6.4
287,2024-01-01,30,"Unemp",1,"NA",3.7
287,2024-04-01,30,"Unemp",4,"Health",4.4
287,2024-07-01,30,"Unemp",1,"NA",2.4
287,2024-10-01,30,"Unemp",3,"Other",0
288,2024-01-01,53,"Retired",2,"Faith",4.7
288,2024-04-01,53,"Retired",4,"NA",3.9
288,2024-07-01,53,"Retired",1,"Education",8.1
288,2024-10-01,53,"Retired",4,"Faith",8.6
289,2024-01-01,55,"Full",2,"NA",6.4
289,2024-04-01,55,"Full",3,"Health",5.8
289,2024-07-01,55,"Full",7,"NA",4.5
289,2024-10-01,55,"Full",7,"Faith",2.6
290,2024-01-01,46,"Part",4,"Education",5.6
290,2024-04-01,46,"Part",4,"Education",3.8
290,2024-07-01,46,"Part",1,"NA",4
290,2024-10-01,46,"Part",2,"Environment",0.5
291,2024-01-01,54,"Full",2,"Health",5.7
291,2024-04-01,54,"Full",2,"Health",4.5
291,2024-07-01,54,"Full",7,"Environment",5.4
291,2024-10-01,54,"Full",5,"Other",1.7
292,2024-01-01,76,"Unemp",4,"Education",4.1
292,2024-04-01,76,"Unemp",1,"NA",9.5
292,2024-07-01,76,"Unemp",2,"Education",7.1
292,2024-10-01,76,"Unemp",2,"Environment",5.5
293,2024-01-01,46,"Full",2,"Education",4.6
293,2024-04-01,46,"Full",4,"Faith",1.2
293,2024-07-01,46,"Full",3,"Faith",4.6
293,2024-10-01,46,"Full",3,"NA",1.8
294,2024-01-01,50,"Retired",2,"Environment",6.8
294,2024-04-01,50,"Retired",1,"Environment",2.8
294,2024-07-01,50,"Retired",1,"NA",6.4
294,2024-10-01,50,"Retired",3,"Environment",1.5
295,2024-01-01,67,"Retired",4,"Environment",4.9
295,2024-04-01,67,"Retired",2,"Education",9.5
295,2024-07-01,67,"Retired",0,"Education",6.1
295,2024-10-01,67,"Retired",1,"NA",7.1
296,2024-01-01,51,"Full",3,"Environment",3.2
296,2024-04-01,51,"Full",4,"Health",1.4
296,2024-07-01,51,"Full",4,"Health",3.6
296,2024-10-01,51,"Full",1,"Environment",2.8
297,2024-01-01,48,"Full",5,"Education",4.6
297,2024-04-01,48,"Full",4,"Other",3.1
297,2024-07-01,48,"Full",4,"Education",3.9
297,2024-10-01,48,"Full",1,"Other",1.2
298,2024-01-01,22,"Full",1,"Education",5.1
298,2024-04-01,22,"Full",4,"Environment",1.3
298,2024-07-01,22,"Full",3,"Education",5.3
298,2024-10-01,22,"Full",2,"Health",3
299,2024-01-01,40,"Full",5,"Education",3.9
299,2024-04-01,40,"Full",7,"Faith",5.7
299,2024-07-01,40,"Full",1,"Health",4.8
299,2024-10-01,40,"Full",4,"Education",7.7
300,2024-01-01,21,"Full",3,"Health",1.3
300,2024-04-01,21,"Full",3,"NA",1.9
300,2024-07-01,21,"Full",5,"Other",0
300,2024-10-01,21,"Full",5,"Environment",1.9
